Day,Month,Year,Valor COLCAP,Variacion absoluta,Variacion porcentual
15,1,2008,980.21,-19.785,-0.019785
16,1,2008,958.99,-21.2208,-0.021649
17,1,2008,928.38,-30.6136,-0.031923
18,1,2008,903.49,-24.8946,-0.026815
21,1,2008,832.37,-71.1182,-0.078715
22,1,2008,879.67,47.3003,0.056826
23,1,2008,890.89,11.2274,0.012763
24,1,2008,933.79,42.8915,0.048144
25,1,2008,939.61,5.8191,0.006232
28,1,2008,930.97,-8.6329,-0.009188
29,1,2008,946.51,15.5356,0.016688
30,1,2008,936.55,-9.9551,-0.010518
31,1,2008,937.33,0.7744,0.000827
1,2,2008,938.16,0.829,0.000884
4,2,2008,945.18,7.026,0.007489
5,2,2008,920.47,-24.7081,-0.026141
6,2,2008,900.89,-19.5824,-0.021274
7,2,2008,891.3,-9.5879,-0.010643
8,2,2008,906.03,14.7239,0.01652
11,2,2008,920.78,14.7507,0.016281
12,2,2008,915.74,-5.0415,-0.005475
13,2,2008,918.85,3.1117,0.003398
14,2,2008,928.67,9.8208,0.010688
15,2,2008,929.63,0.9634,0.001037
18,2,2008,944.25,14.6143,0.015721
19,2,2008,945.4,1.1516,0.00122
20,2,2008,941.38,-4.0179,-0.00425
21,2,2008,944.38,3.0012,0.003188
22,2,2008,940.05,-4.3284,-0.004583
25,2,2008,938.49,-1.568,-0.001668
26,2,2008,938.58,0.0911,0.000097
27,2,2008,935.15,-3.4251,-0.003649
28,2,2008,931.03,-4.1174,-0.004403
29,2,2008,914.9,-16.1321,-0.017327
3,3,2008,896.73,-18.1718,-0.019862
4,3,2008,859.79,-36.9372,-0.041191
5,3,2008,897.61,37.8202,0.043988
6,3,2008,889.83,-7.7832,-0.008671
7,3,2008,900.79,10.9631,0.01232
10,3,2008,907.83,7.0351,0.00781
11,3,2008,911.72,3.8904,0.004285
12,3,2008,914.89,3.1758,0.003483
13,3,2008,912.74,-2.1495,-0.002349
14,3,2008,902.13,-10.6185,-0.011634
17,3,2008,890.57,-11.5527,-0.012806
18,3,2008,899.67,9.0996,0.010218
19,3,2008,902.56,2.8853,0.003207
25,3,2008,895.08,-7.4769,-0.008284
26,3,2008,891.73,-3.3535,-0.003747
27,3,2008,887.89,-3.8418,-0.004308
28,3,2008,890.03,2.1387,0.002409
31,3,2008,889.28,-0.741,-0.000833
1,4,2008,913.73,24.4485,0.027492
2,4,2008,919.3,5.5659,0.006091
3,4,2008,923.04,3.7388,0.004067
4,4,2008,922,-1.0387,-0.001125
7,4,2008,928.32,6.3246,0.00686
8,4,2008,930.57,2.2494,0.002423
9,4,2008,936.53,5.9531,0.006397
10,4,2008,922.05,-14.4722,-0.015453
11,4,2008,917.73,-4.3244,-0.00469
14,4,2008,917.57,-0.1582,-0.000172
15,4,2008,931.61,14.0425,0.015304
16,4,2008,936.55,4.9324,0.005294
17,4,2008,934.66,-1.8887,-0.002017
18,4,2008,952.82,18.1629,0.019433
21,4,2008,953.25,0.4328,0.000454
22,4,2008,950.97,-2.2817,-0.002394
23,4,2008,942.21,-8.758,-0.00921
24,4,2008,949.52,7.3044,0.007752
25,4,2008,953.07,3.5547,0.003744
28,4,2008,962.4,9.3297,0.009789
29,4,2008,969.11,6.7042,0.006966
30,4,2008,985.95,16.8445,0.017381
2,5,2008,1012.31,26.3561,0.026732
6,5,2008,1032.08,19.7725,0.019532
7,5,2008,1010.96,-21.1159,-0.02046
8,5,2008,1001.24,-9.7242,-0.009619
9,5,2008,1008.49,7.2488,0.00724
12,5,2008,1010.27,1.7836,0.001769
13,5,2008,1015.63,5.3622,0.005308
14,5,2008,1027.74,12.1099,0.011923
15,5,2008,1024.58,-3.1661,-0.003081
16,5,2008,1016.11,-8.4686,-0.008265
19,5,2008,1016.1,-0.0132,-0.000013
20,5,2008,1009.48,-6.6126,-0.006508
21,5,2008,1015.6,6.1207,0.006063
22,5,2008,1008.67,-6.9353,-0.006829
23,5,2008,1003.07,-5.5971,-0.005549
27,5,2008,999.5,-3.5761,-0.003565
28,5,2008,1000.23,0.7301,0.00073
29,5,2008,1010.15,9.9231,0.009921
30,5,2008,1019.78,9.6308,0.009534
3,6,2008,1004.8,-14.9811,-0.014691
4,6,2008,1015.92,11.1176,0.011065
5,6,2008,1015.36,-0.5555,-0.000547
6,6,2008,1013.73,-1.6292,-0.001605
9,6,2008,1004.28,-9.4537,-0.009326
10,6,2008,990.5,-13.7792,-0.013721
11,6,2008,989.39,-1.1077,-0.001118
12,6,2008,990.29,0.8983,0.000908
13,6,2008,991.85,1.562,0.001577
16,6,2008,991.66,-0.1938,-0.000195
17,6,2008,979.84,-11.8127,-0.011912
18,6,2008,972.13,-7.7146,-0.007873
19,6,2008,941.47,-30.6588,-0.031538
20,6,2008,959.27,17.7951,0.018901
23,6,2008,959.13,-0.1367,-0.000143
24,6,2008,956.22,-2.9067,-0.003031
25,6,2008,956.14,-0.0845,-0.000088
26,6,2008,942.99,-13.1515,-0.013755
27,6,2008,945.31,2.3193,0.00246
1,7,2008,924.7,-20.6048,-0.021797
2,7,2008,924.47,-0.2262,-0.000245
3,7,2008,938.44,13.9616,0.015102
4,7,2008,943.76,5.3186,0.005668
7,7,2008,936.94,-6.8192,-0.007226
8,7,2008,925.66,-11.2717,-0.01203
9,7,2008,932.35,6.6904,0.007228
10,7,2008,929.81,-2.5442,-0.002729
11,7,2008,917.54,-12.2686,-0.013195
14,7,2008,915.4,-2.1458,-0.002339
15,7,2008,901.61,-13.7905,-0.015065
16,7,2008,900,-1.6089,-0.001784
17,7,2008,909.83,9.838,0.010931
18,7,2008,911.32,1.4806,0.001627
21,7,2008,919.19,7.8753,0.008642
22,7,2008,917.09,-2.1043,-0.002289
23,7,2008,922.51,5.425,0.005915
24,7,2008,926.07,3.5621,0.003861
25,7,2008,932.59,6.5181,0.007038
28,7,2008,921.94,-10.6542,-0.011424
29,7,2008,923.17,1.2315,0.001336
30,7,2008,935.39,12.2202,0.013237
31,7,2008,944.87,9.4763,0.010131
1,8,2008,943.23,-1.6389,-0.001735
4,8,2008,935.98,-7.2475,-0.007684
5,8,2008,937,1.0188,0.001088
6,8,2008,931.61,-5.3848,-0.005747
8,8,2008,937.26,5.645,0.00606
11,8,2008,937.96,0.7031,0.00075
12,8,2008,934.12,-3.8394,-0.004093
13,8,2008,939.69,5.5631,0.005955
14,8,2008,938.25,-1.4375,-0.00153
15,8,2008,944.9,6.6533,0.007091
19,8,2008,941.02,-3.8775,-0.004104
20,8,2008,948.72,7.6996,0.008182
21,8,2008,955.5,6.7816,0.007148
22,8,2008,955.72,0.2119,0.000222
25,8,2008,950.33,-5.3894,-0.005639
26,8,2008,952.62,2.2974,0.002417
27,8,2008,956.43,3.807,0.003996
28,8,2008,978.39,21.9611,0.022961
29,8,2008,992.25,13.861,0.014167
1,9,2008,1025.1,32.8424,0.033099
2,9,2008,1022.45,-2.6444,-0.00258
3,9,2008,1017.24,-5.2099,-0.005095
4,9,2008,1005.96,-11.2826,-0.011091
5,9,2008,998.95,-7.0135,-0.006972
8,9,2008,1010.74,11.7974,0.01181
9,9,2008,1010.52,-0.2268,-0.000224
10,9,2008,1012.76,2.2474,0.002224
11,9,2008,1025.82,13.0589,0.012894
12,9,2008,1023.76,-2.0587,-0.002007
15,9,2008,1003.92,-19.8392,-0.019379
16,9,2008,967.46,-36.4672,-0.036325
17,9,2008,950.39,-17.0641,-0.017638
18,9,2008,949.69,-0.7007,-0.000737
19,9,2008,985.09,35.3938,0.037269
22,9,2008,983.04,-2.0423,-0.002073
23,9,2008,963.83,-19.2124,-0.019544
24,9,2008,976.22,12.391,0.012856
25,9,2008,989.68,13.458,0.013786
26,9,2008,983.87,-5.8119,-0.005872
29,9,2008,960.91,-22.9615,-0.023338
30,9,2008,973.53,12.6267,0.01314
1,10,2008,975.83,2.2947,0.002357
2,10,2008,965.86,-9.9738,-0.010221
3,10,2008,966.14,0.2893,0.0003
6,10,2008,921.9,-44.2411,-0.045791
7,10,2008,915.05,-6.8574,-0.007438
8,10,2008,888.02,-27.0255,-0.029535
9,10,2008,868.42,-19.5962,-0.022067
10,10,2008,794.28,-74.1464,-0.08538
14,10,2008,866.75,72.4704,0.091241
15,10,2008,815.07,-51.6807,-0.059626
16,10,2008,782.85,-32.2138,-0.039523
17,10,2008,805,22.1486,0.028292
20,10,2008,811.15,6.149,0.007638
21,10,2008,808.09,-3.0649,-0.003778
22,10,2008,766.03,-42.0539,-0.052041
23,10,2008,739.72,-26.3119,-0.034348
24,10,2008,706.58,-33.138,-0.044798
27,10,2008,686.65,-19.9373,-0.028217
28,10,2008,714.55,27.9001,0.040632
29,10,2008,750.92,36.3745,0.050906
30,10,2008,778.19,27.2694,0.036315
31,10,2008,788.73,10.5409,0.013545
4,11,2008,803.11,14.3839,0.018237
5,11,2008,778.69,-24.4251,-0.030413
6,11,2008,744.27,-34.4211,-0.044204
7,11,2008,774.58,30.3099,0.040724
10,11,2008,774.07,-0.5031,-0.00065
11,11,2008,767.34,-6.7386,-0.008705
12,11,2008,754.76,-12.5787,-0.016393
13,11,2008,751.1,-3.6544,-0.004842
14,11,2008,776.94,25.8361,0.034398
18,11,2008,758.96,-17.9752,-0.023136
19,11,2008,758.74,-0.2215,-0.000292
20,11,2008,751.77,-6.9709,-0.009187
21,11,2008,746.14,-5.6307,-0.00749
24,11,2008,770.49,24.3521,0.032637
25,11,2008,774.57,4.082,0.005298
26,11,2008,791.4,16.8221,0.021718
27,11,2008,803.86,12.4617,0.015746
28,11,2008,803.11,-0.7438,-0.000925
1,12,2008,789.27,-13.8433,-0.017237
2,12,2008,796.58,7.3056,0.009256
3,12,2008,816.16,19.583,0.024584
4,12,2008,821.92,5.7563,0.007053
5,12,2008,816.88,-5.0415,-0.006134
9,12,2008,840.76,23.8806,0.029234
10,12,2008,859.49,18.7326,0.022281
11,12,2008,865.83,6.3447,0.007382
12,12,2008,861.74,-4.0958,-0.00473
15,12,2008,867.99,6.248,0.007251
16,12,2008,866.41,-1.5751,-0.001815
17,12,2008,865.11,-1.3019,-0.001503
18,12,2008,856.54,-8.5713,-0.009908
19,12,2008,854.92,-1.6158,-0.001886
22,12,2008,856.97,2.0444,0.002391
23,12,2008,856.19,-0.7802,-0.00091
24,12,2008,851.17,-5.0185,-0.005861
26,12,2008,850.4,-0.7695,-0.000904
29,12,2008,845.09,-5.3082,-0.006242
30,12,2008,851.35,6.2597,0.007407
2,1,2009,861.17,9.8218,0.011537
5,1,2009,862.25,1.0754,0.001249
6,1,2009,882.45,20.2016,0.023429
7,1,2009,870.55,-11.898,-0.013483
8,1,2009,873.31,2.7621,0.003173
9,1,2009,873.09,-0.2219,-0.000254
13,1,2009,871.84,-1.2518,-0.001434
14,1,2009,855.91,-15.9256,-0.018267
15,1,2009,844.78,-11.136,-0.013011
16,1,2009,846.51,1.7295,0.002047
19,1,2009,849.06,2.5516,0.003014
20,1,2009,837.39,-11.6691,-0.013744
21,1,2009,832.92,-4.4725,-0.005341
22,1,2009,831.82,-1.0999,-0.001321
23,1,2009,833.91,2.0905,0.002513
26,1,2009,845.42,11.5155,0.013809
27,1,2009,849.95,4.5264,0.005354
28,1,2009,865.44,15.4938,0.018229
29,1,2009,862.4,-3.0414,-0.003514
30,1,2009,869.8,7.4005,0.008581
2,2,2009,861.6,-8.2055,-0.009434
3,2,2009,865.77,4.1692,0.004839
4,2,2009,871.25,5.4819,0.006332
5,2,2009,872.46,1.2107,0.00139
6,2,2009,884.27,11.8148,0.013542
9,2,2009,886.37,2.0968,0.002371
10,2,2009,879.72,-6.65,-0.007503
11,2,2009,874.27,-5.45,-0.006195
12,2,2009,865.27,-9,-0.010294
13,2,2009,879.41,14.14,0.016342
16,2,2009,875.43,-3.98,-0.004526
17,2,2009,857.65,-17.78,-0.02031
18,2,2009,848.07,-9.58,-0.01117
19,2,2009,849.2,1.13,0.001332
20,2,2009,834.24,-14.96,-0.017617
23,2,2009,831.19,-3.05,-0.003656
24,2,2009,825.17,-6.02,-0.007243
25,2,2009,833.07,7.9,0.009574
26,2,2009,845.42,12.35,0.014825
27,2,2009,852.16,6.74,0.007972
2,3,2009,831.95,-20.21,-0.023716
3,3,2009,836.43,4.48,0.005385
4,3,2009,847.72,11.29,0.013498
5,3,2009,836.56,-11.16,-0.013165
6,3,2009,839.26,2.7,0.003228
9,3,2009,837.87,-1.39,-0.001656
10,3,2009,849.64,11.77,0.014048
11,3,2009,844.1,-5.54,-0.00652
12,3,2009,849.28,5.18,0.006137
13,3,2009,853.48,4.2,0.004945
16,3,2009,860.68,7.2,0.008436
17,3,2009,858.04,-2.64,-0.003067
18,3,2009,861.29,3.25,0.003788
19,3,2009,870.05,8.76,0.010171
20,3,2009,865.59,-4.46,-0.005126
24,3,2009,876.42,10.83,0.012512
25,3,2009,876.51,0.09,0.000103
26,3,2009,874.55,-1.96,-0.002236
27,3,2009,873.16,-1.39,-0.001589
30,3,2009,862.14,-11.02,-0.012621
31,3,2009,874.21,12.07,0.014
1,4,2009,878.12,3.91,0.004473
2,4,2009,891.09,12.97,0.01477
3,4,2009,887.26,-3.83,-0.004298
6,4,2009,886.41,-0.85,-0.000958
7,4,2009,887.58,1.17,0.00132
8,4,2009,882.87,-4.71,-0.005307
13,4,2009,879.78,-3.09,-0.0035
14,4,2009,884.57,4.79,0.005445
15,4,2009,888.74,4.17,0.004714
16,4,2009,889.61,0.87,0.000979
17,4,2009,885,-4.61,-0.005182
20,4,2009,878.58,-6.42,-0.007254
21,4,2009,880.4,1.82,0.002072
22,4,2009,881.55,1.15,0.001306
23,4,2009,891.19,9.64,0.010935
24,4,2009,914.93,23.74,0.026639
27,4,2009,912.5,-2.43,-0.002656
28,4,2009,918.25,5.75,0.006301
29,4,2009,933.82,15.57,0.016956
30,4,2009,931.93,-1.89,-0.002024
4,5,2009,947.85,15.92,0.017083
5,5,2009,953.11,5.26,0.005549
6,5,2009,960.78,7.67,0.008047
7,5,2009,973.07,12.29,0.012792
8,5,2009,1004.96,31.89,0.032773
11,5,2009,996.84,-8.12,-0.00808
12,5,2009,1003.38,6.54,0.006561
13,5,2009,989,-14.38,-0.014332
14,5,2009,1001.37,12.37,0.012508
15,5,2009,1001.45,0.08,0.00008
18,5,2009,1012.19,10.74,0.010724
19,5,2009,1022.41,10.22,0.010097
20,5,2009,1024.78,2.37,0.002318
21,5,2009,1007.56,-17.22,-0.016804
22,5,2009,1008.43,0.87,0.000863
26,5,2009,1016.43,8,0.007933
27,5,2009,1012.49,-3.94,-0.003876
28,5,2009,1024.05,11.56,0.011417
29,5,2009,1031.53,7.48,0.007304
1,6,2009,1054.15,22.62,0.021929
2,6,2009,1049.71,-4.44,-0.004212
3,6,2009,1042.32,-7.39,-0.00704
4,6,2009,1052.39,10.07,0.009661
5,6,2009,1052.93,0.54,0.000513
8,6,2009,1048.86,-4.07,-0.003865
9,6,2009,1051.36,2.5,0.002384
10,6,2009,1056.77,5.41,0.005146
11,6,2009,1074.78,18.01,0.017042
12,6,2009,1076.81,2.03,0.001889
16,6,2009,1066.41,-10.4,-0.009658
17,6,2009,1072.41,6,0.005626
18,6,2009,1079.22,6.81,0.00635
19,6,2009,1090.73,11.51,0.010665
23,6,2009,1089.32,-1.41,-0.001293
24,6,2009,1090.37,1.05,0.000964
25,6,2009,1098.87,8.5,0.007796
26,6,2009,1094.95,-3.92,-0.003567
30,6,2009,1102.73,7.78,0.007105
1,7,2009,1119.35,16.62,0.015072
2,7,2009,1119.53,0.18,0.000161
3,7,2009,1116.98,-2.55,-0.002278
6,7,2009,1110.83,-6.15,-0.005506
7,7,2009,1113.67,2.84,0.002557
8,7,2009,1103.93,-9.74,-0.008746
9,7,2009,1085.58,-18.35,-0.016622
10,7,2009,1083.01,-2.57,-0.002367
13,7,2009,1082.69,-0.32,-0.000295
14,7,2009,1089.24,6.55,0.00605
15,7,2009,1090.85,1.61,0.001478
16,7,2009,1092.88,2.03,0.001861
17,7,2009,1104.86,11.98,0.010962
21,7,2009,1113.97,9.11,0.008245
22,7,2009,1120.17,6.2,0.005566
23,7,2009,1141.9,21.73,0.019399
24,7,2009,1146.58,4.68,0.004098
27,7,2009,1143.37,-3.21,-0.0028
28,7,2009,1126.75,-16.62,-0.014536
29,7,2009,1122.62,-4.13,-0.003665
30,7,2009,1147.57,24.95,0.022225
31,7,2009,1156.22,8.65,0.007538
3,8,2009,1165.42,9.2,0.007957
4,8,2009,1168.2,2.78,0.002385
5,8,2009,1162.95,-5.25,-0.004494
6,8,2009,1169.26,6.31,0.005426
10,8,2009,1174.71,5.45,0.004661
11,8,2009,1162.53,-12.18,-0.010369
12,8,2009,1171.32,8.79,0.007561
13,8,2009,1179.38,8.06,0.006881
14,8,2009,1180.48,1.1,0.000933
18,8,2009,1176.17,-4.31,-0.003651
19,8,2009,1181.11,4.94,0.0042
20,8,2009,1192.34,11.23,0.009508
21,8,2009,1202.28,9.94,0.008337
24,8,2009,1229.85,27.57,0.022931
25,8,2009,1227.18,-2.67,-0.002171
26,8,2009,1218.39,-8.79,-0.007163
27,8,2009,1210.09,-8.3,-0.006812
28,8,2009,1214.38,4.29,0.003545
31,8,2009,1209.09,-5.29,-0.004356
1,9,2009,1178.87,-30.22,-0.024994
2,9,2009,1182.83,3.96,0.003359
3,9,2009,1173.66,-9.17,-0.007753
4,9,2009,1192.55,18.89,0.016095
7,9,2009,1200.04,7.49,0.006281
8,9,2009,1219.62,19.58,0.016316
9,9,2009,1219.9,0.28,0.00023
10,9,2009,1218.36,-1.54,-0.001262
11,9,2009,1216.22,-2.14,-0.001756
14,9,2009,1212.53,-3.69,-0.003034
15,9,2009,1244.75,32.22,0.026573
16,9,2009,1248.69,3.94,0.003165
17,9,2009,1245.88,-2.81,-0.00225
18,9,2009,1269.97,24.09,0.019336
21,9,2009,1266.91,-3.06,-0.00241
22,9,2009,1276.57,9.66,0.007625
23,9,2009,1288.14,11.57,0.009063
24,9,2009,1290.81,2.67,0.002073
25,9,2009,1305.32,14.51,0.011241
28,9,2009,1331.9,26.58,0.020363
29,9,2009,1321.32,-10.58,-0.007944
30,9,2009,1328.93,7.61,0.005759
1,10,2009,1315.15,-13.78,-0.010369
2,10,2009,1318.92,3.77,0.002867
5,10,2009,1335.49,16.57,0.012563
6,10,2009,1356.57,21.08,0.015784
7,10,2009,1355.56,-1.01,-0.000745
8,10,2009,1346.83,-8.73,-0.00644
9,10,2009,1333.44,-13.39,-0.009942
13,10,2009,1303.03,-30.41,-0.022806
14,10,2009,1294.39,-8.64,-0.006631
15,10,2009,1294.11,-0.28,-0.000216
16,10,2009,1301.69,7.58,0.005857
19,10,2009,1330.8,29.11,0.022363
20,10,2009,1315.97,-14.83,-0.011144
21,10,2009,1317.07,1.1,0.000836
22,10,2009,1308.64,-8.43,-0.006401
23,10,2009,1303.29,-5.35,-0.004088
26,10,2009,1288.81,-14.48,-0.01111
27,10,2009,1277.91,-10.9,-0.008457
28,10,2009,1279.22,1.31,0.001025
29,10,2009,1289.97,10.75,0.008404
30,10,2009,1257.17,-32.8,-0.025427
3,11,2009,1240.95,-16.22,-0.012902
4,11,2009,1262.5,21.55,0.017366
5,11,2009,1280.4,17.9,0.014178
6,11,2009,1279.75,-0.65,-0.000508
9,11,2009,1303,23.25,0.018168
10,11,2009,1304.06,1.06,0.000814
11,11,2009,1303.86,-0.2,-0.000153
12,11,2009,1308.45,4.59,0.00352
13,11,2009,1311.43,2.98,0.002278
17,11,2009,1314.81,3.38,0.002577
18,11,2009,1299.42,-15.39,-0.011705
19,11,2009,1301.12,1.7,0.001308
20,11,2009,1301.85,0.73,0.000561
23,11,2009,1305.65,3.8,0.002919
24,11,2009,1312.26,6.61,0.005063
25,11,2009,1327.17,14.91,0.011362
26,11,2009,1316.16,-11.01,-0.008296
27,11,2009,1328.31,12.15,0.009231
30,11,2009,1318.05,-10.26,-0.007724
1,12,2009,1335.21,17.16,0.013019
2,12,2009,1337.22,2.01,0.001505
3,12,2009,1356.57,19.35,0.01447
4,12,2009,1353.58,-2.99,-0.002204
7,12,2009,1358.31,4.73,0.003494
9,12,2009,1357.77,-0.54,-0.000398
10,12,2009,1351.02,-6.75,-0.004971
11,12,2009,1366.34,15.32,0.01134
14,12,2009,1366.46,0.12,0.000088
15,12,2009,1368.48,2.02,0.001478
16,12,2009,1379.58,11.1,0.008111
17,12,2009,1382.63,3.05,0.002211
18,12,2009,1370.34,-12.29,-0.008889
21,12,2009,1369.56,-0.78,-0.000569
22,12,2009,1365.23,-4.33,-0.003162
23,12,2009,1364.13,-1.1,-0.000806
24,12,2009,1372.72,8.59,0.006297
28,12,2009,1365.06,-7.66,-0.00558
29,12,2009,1366.35,1.29,0.000945
30,12,2009,1366.85,0.5,0.000366
4,1,2010,1374.28,7.43,0.005436
5,1,2010,1373.23,-1.05,-0.000764
6,1,2010,1373.89,0.66,0.000481
7,1,2010,1368.91,-4.98,-0.003625
8,1,2010,1374.72,5.81,0.004244
12,1,2010,1369.53,-5.19,-0.003775
13,1,2010,1379.91,10.38,0.007579
14,1,2010,1386.91,7,0.005073
15,1,2010,1382.66,-4.25,-0.003064
18,1,2010,1382.07,-0.59,-0.000427
19,1,2010,1386.01,3.94,0.002851
20,1,2010,1381.8,-4.21,-0.003037
21,1,2010,1355.28,-26.52,-0.019192
22,1,2010,1364.33,9.05,0.006678
25,1,2010,1345.31,-19.02,-0.013941
26,1,2010,1357.8,12.49,0.009284
27,1,2010,1355.8,-2,-0.001473
28,1,2010,1353.57,-2.23,-0.001645
29,1,2010,1363.67,10.1,0.007462
1,2,2010,1358.49,-5.18,-0.003799
2,2,2010,1363.85,5.36,0.003946
3,2,2010,1359.43,-4.42,-0.003241
4,2,2010,1334.8,-24.63,-0.018118
5,2,2010,1326.08,-8.72,-0.006533
8,2,2010,1327.03,0.95,0.000716
9,2,2010,1345.54,18.51,0.013948
10,2,2010,1353.7,8.16,0.006064
11,2,2010,1358.21,4.51,0.003332
12,2,2010,1355.84,-2.37,-0.001745
15,2,2010,1357.59,1.75,0.001291
16,2,2010,1364.53,6.94,0.005112
17,2,2010,1366.11,1.58,0.001158
18,2,2010,1359.64,-6.47,-0.004736
19,2,2010,1372.51,12.87,0.009466
22,2,2010,1372.84,0.33,0.00024
23,2,2010,1379.75,6.91,0.005033
24,2,2010,1398.47,18.72,0.013568
25,2,2010,1385.85,-12.62,-0.009024
26,2,2010,1391.02,5.17,0.003731
1,3,2010,1392.91,1.89,0.001359
2,3,2010,1391.36,-1.55,-0.001113
3,3,2010,1401.53,10.17,0.007309
4,3,2010,1398.81,-2.72,-0.001941
5,3,2010,1399.63,0.82,0.000586
8,3,2010,1408.35,8.72,0.00623
9,3,2010,1403.17,-5.18,-0.003678
10,3,2010,1403.82,0.65,0.000463
11,3,2010,1405.26,1.44,0.001026
12,3,2010,1406.49,1.23,0.000875
15,3,2010,1404.42,-2.07,-0.001472
16,3,2010,1411.71,7.29,0.005191
17,3,2010,1429.4,17.69,0.012531
18,3,2010,1432.3,2.9,0.002029
19,3,2010,1414.1,-18.2,-0.012707
23,3,2010,1426.74,12.64,0.008939
24,3,2010,1422.69,-4.05,-0.002839
25,3,2010,1427.24,4.55,0.003198
26,3,2010,1423.02,-4.22,-0.002957
29,3,2010,1429.29,6.27,0.004406
30,3,2010,1430.71,1.42,0.000994
31,3,2010,1440.58,9.87,0.006899
5,4,2010,1450.93,10.35,0.007185
6,4,2010,1460.3,9.37,0.006458
7,4,2010,1472.19,11.89,0.008142
8,4,2010,1472.76,0.57,0.000387
9,4,2010,1468.95,-3.81,-0.002587
12,4,2010,1470.7,1.75,0.001191
13,4,2010,1470.91,0.21,0.000143
14,4,2010,1478.47,7.56,0.00514
15,4,2010,1481.14,2.67,0.001806
16,4,2010,1463.27,-17.87,-0.012065
19,4,2010,1453.14,-10.13,-0.006923
20,4,2010,1467.76,14.62,0.010061
21,4,2010,1475.06,7.3,0.004974
22,4,2010,1478.51,3.45,0.002339
23,4,2010,1488.05,9.54,0.006452
26,4,2010,1484.44,-3.61,-0.002426
27,4,2010,1472.11,-12.33,-0.008306
28,4,2010,1457.28,-14.83,-0.010074
29,4,2010,1469.22,11.94,0.008193
30,4,2010,1467.26,-1.96,-0.001334
3,5,2010,1490.16,22.9,0.015607
4,5,2010,1481.63,-8.53,-0.005724
5,5,2010,1446.55,-35.08,-0.023677
6,5,2010,1403.06,-43.49,-0.030065
7,5,2010,1412.8,9.74,0.006942
10,5,2010,1438.18,25.38,0.017964
11,5,2010,1442.63,4.45,0.003094
12,5,2010,1451.06,8.43,0.005843
13,5,2010,1454.93,3.87,0.002667
14,5,2010,1444.27,-10.66,-0.007327
18,5,2010,1424.49,-19.78,-0.013696
19,5,2010,1406.37,-18.12,-0.01272
20,5,2010,1395.99,-10.38,-0.007381
21,5,2010,1397.39,1.4,0.001003
24,5,2010,1410.93,13.54,0.009689
25,5,2010,1399.25,-11.68,-0.008278
26,5,2010,1432.82,33.57,0.023991
27,5,2010,1428.47,-4.35,-0.003036
28,5,2010,1446.48,18.01,0.012608
31,5,2010,1444.54,-1.94,-0.001341
1,6,2010,1447.26,2.72,0.001883
2,6,2010,1451.91,4.65,0.003213
3,6,2010,1453.36,1.45,0.000999
4,6,2010,1438.3,-15.06,-0.010362
8,6,2010,1433.27,-5.03,-0.003497
9,6,2010,1445.53,12.26,0.008554
10,6,2010,1446.34,0.81,0.00056
11,6,2010,1448.08,1.74,0.001203
15,6,2010,1450.71,2.63,0.001816
16,6,2010,1461.39,10.68,0.007362
17,6,2010,1460.56,-0.83,-0.000568
18,6,2010,1472.41,11.85,0.008113
21,6,2010,1466.78,-5.63,-0.003824
22,6,2010,1467.67,0.89,0.000607
23,6,2010,1471.95,4.28,0.002916
24,6,2010,1468.73,-3.22,-0.002188
25,6,2010,1475.04,6.31,0.004296
28,6,2010,1472.02,-3.02,-0.002047
29,6,2010,1453.6,-18.42,-0.012513
30,6,2010,1466.78,13.18,0.009067
1,7,2010,1459.01,-7.77,-0.005297
2,7,2010,1455.04,-3.97,-0.002721
6,7,2010,1463.82,8.78,0.006034
7,7,2010,1462.81,1.01,0.00069
8,7,2010,1474.59,11.78,0.008053
9,7,2010,1478.49,3.9,0.002645
12,7,2010,1496.79,18.3,0.012377
13,7,2010,1507.16,10.37,0.006928
14,7,2010,1521.17,14.01,0.009296
15,7,2010,1532.45,11.28,0.007415
16,7,2010,1526.67,-5.78,-0.003772
19,7,2010,1528.75,2.08,0.001362
21,7,2010,1565.5,36.75,0.024039
22,7,2010,1566.33,0.83,0.00053
23,7,2010,1569.86,3.53,0.002254
26,7,2010,1596.49,26.63,0.016963
27,7,2010,1602.61,6.12,0.003833
28,7,2010,1591.33,-11.28,-0.007039
29,7,2010,1562.05,-29.28,-0.0184
30,7,2010,1571.62,9.57,0.006127
2,8,2010,1575.01,3.39,0.002157
3,8,2010,1586.92,11.91,0.007562
4,8,2010,1595.44,8.52,0.005369
5,8,2010,1601.01,5.57,0.003491
6,8,2010,1580.41,-20.6,-0.012867
9,8,2010,1582.51,2.1,0.001329
10,8,2010,1577.34,-5.17,-0.003267
11,8,2010,1558.12,-19.22,-0.012185
12,8,2010,1557.42,-0.7,-0.000449
13,8,2010,1567.78,10.36,0.006652
17,8,2010,1575.02,7.24,0.004618
18,8,2010,1581.48,6.46,0.004102
19,8,2010,1586.73,5.25,0.00332
20,8,2010,1585.6,-1.13,-0.000712
23,8,2010,1606.82,21.22,0.013383
24,8,2010,1605.58,-1.24,-0.000772
25,8,2010,1602.95,-2.63,-0.001638
26,8,2010,1616.93,13.98,0.008721
27,8,2010,1639.89,22.96,0.0142
30,8,2010,1642.91,3.02,0.001842
31,8,2010,1664.18,21.27,0.012947
1,9,2010,1713.81,49.63,0.029822
2,9,2010,1681.03,-32.78,-0.019127
3,9,2010,1687.24,6.21,0.003694
6,9,2010,1719.62,32.38,0.019191
7,9,2010,1715.27,-4.35,-0.00253
8,9,2010,1735.68,20.41,0.011899
9,9,2010,1730.15,-5.53,-0.003186
10,9,2010,1699.91,-30.24,-0.017478
13,9,2010,1695.47,-4.44,-0.002612
14,9,2010,1703.11,7.64,0.004506
15,9,2010,1693.44,-9.67,-0.005678
16,9,2010,1691.32,-2.12,-0.001252
17,9,2010,1691.24,-0.08,-0.000047
20,9,2010,1709.46,18.22,0.010773
21,9,2010,1716.15,6.69,0.003914
22,9,2010,1707.34,-8.81,-0.005134
23,9,2010,1693.47,-13.87,-0.008124
24,9,2010,1697.26,3.79,0.002238
27,9,2010,1711.46,14.2,0.008366
28,9,2010,1744.84,33.38,0.019504
29,9,2010,1766.22,21.38,0.012253
30,9,2010,1769.5,3.28,0.001857
1,10,2010,1766.79,-2.71,-0.001532
4,10,2010,1766.42,-0.37,-0.000209
5,10,2010,1794.73,28.31,0.016027
6,10,2010,1825.05,30.32,0.016894
7,10,2010,1808.89,-16.16,-0.008855
8,10,2010,1826.38,17.49,0.009669
11,10,2010,1845.91,19.53,0.010693
12,10,2010,1842.54,-3.37,-0.001826
13,10,2010,1873.5,30.96,0.016803
14,10,2010,1855.43,-18.07,-0.009645
15,10,2010,1833.59,-21.84,-0.011771
19,10,2010,1857.75,24.16,0.013176
20,10,2010,1860.52,2.77,0.001491
21,10,2010,1877.98,17.46,0.009384
22,10,2010,1906.66,28.68,0.015272
25,10,2010,1900.1,-6.56,-0.003441
26,10,2010,1870.75,-29.35,-0.015447
27,10,2010,1862.84,-7.91,-0.004228
28,10,2010,1871.21,8.37,0.004493
29,10,2010,1901.83,30.62,0.016364
2,11,2010,1913.88,12.05,0.006336
3,11,2010,1923.28,9.4,0.004911
4,11,2010,1942.37,19.09,0.009926
5,11,2010,1940.38,-1.99,-0.001025
8,11,2010,1939.96,-0.42,-0.000216
9,11,2010,1938.49,-1.47,-0.000758
10,11,2010,1889.62,-48.87,-0.02521
11,11,2010,1841.69,-47.93,-0.025365
12,11,2010,1795.09,-46.6,-0.025303
16,11,2010,1729.16,-65.93,-0.036728
17,11,2010,1786.89,57.73,0.033386
18,11,2010,1814.13,27.24,0.015244
19,11,2010,1778.83,-35.3,-0.019458
22,11,2010,1775.45,-3.38,-0.0019
23,11,2010,1750.36,-25.09,-0.014132
24,11,2010,1790.15,39.79,0.022732
25,11,2010,1784.8,-5.35,-0.002989
26,11,2010,1770.59,-14.21,-0.007962
29,11,2010,1762.11,-8.48,-0.004789
30,11,2010,1779.94,17.83,0.010119
1,12,2010,1793.55,13.61,0.007646
2,12,2010,1825.55,32,0.017842
3,12,2010,1830.26,4.71,0.00258
6,12,2010,1840.29,10.03,0.00548
7,12,2010,1837.18,-3.11,-0.00169
9,12,2010,1826.7,-10.48,-0.005704
10,12,2010,1830.86,4.16,0.002277
13,12,2010,1841.24,10.38,0.005669
14,12,2010,1845.71,4.47,0.002428
15,12,2010,1823.61,-22.1,-0.011974
16,12,2010,1826.74,3.13,0.001716
17,12,2010,1823.1,-3.64,-0.001993
20,12,2010,1815.55,-7.55,-0.004141
21,12,2010,1824.82,9.27,0.005106
22,12,2010,1839.59,14.77,0.008094
23,12,2010,1846.5,6.91,0.003756
24,12,2010,1853.24,6.74,0.00365
27,12,2010,1866.12,12.88,0.00695
28,12,2010,1849.51,-16.61,-0.008901
29,12,2010,1839.72,-9.79,-0.005293
30,12,2010,1823.7,-16.02,-0.008708
3,1,2011,1803,-20.7,-0.011351
4,1,2011,1810.27,7.27,0.004032
5,1,2011,1790.57,-19.7,-0.010882
6,1,2011,1766.77,-23.8,-0.013292
7,1,2011,1781.71,14.94,0.008456
11,1,2011,1763.08,-18.63,-0.010456
12,1,2011,1784.1,21.02,0.011922
13,1,2011,1801.86,17.76,0.009955
14,1,2011,1796.05,-5.81,-0.003224
17,1,2011,1801.66,5.61,0.003124
18,1,2011,1790.41,-11.25,-0.006244
19,1,2011,1766.21,-24.2,-0.013516
20,1,2011,1741.61,-24.6,-0.013928
21,1,2011,1756.48,14.87,0.008538
24,1,2011,1759.99,3.51,0.001998
25,1,2011,1754.92,-5.07,-0.002881
26,1,2011,1771.55,16.63,0.009476
27,1,2011,1773.04,1.49,0.000841
28,1,2011,1768.13,-4.91,-0.002769
31,1,2011,1762.43,-5.7,-0.003224
1,2,2011,1759.61,-2.82,-0.0016
2,2,2011,1745.24,-14.37,-0.008167
3,2,2011,1735.96,-9.28,-0.005317
4,2,2011,1709.06,-26.9,-0.015496
7,2,2011,1691.87,-17.19,-0.010058
8,2,2011,1710.54,18.67,0.011035
9,2,2011,1696.85,-13.69,-0.008003
10,2,2011,1687.92,-8.93,-0.005263
11,2,2011,1694.51,6.59,0.003904
14,2,2011,1703.39,8.88,0.00524
15,2,2011,1692.43,-10.96,-0.006434
16,2,2011,1689.95,-6.42,-0.003785
17,2,2011,1666.93,-23.02,-0.013622
18,2,2011,1644.66,-22.27,-0.01336
21,2,2011,1658.33,13.67,0.008312
22,2,2011,1661.43,3.1,0.001869
23,2,2011,1698.63,37.2,0.02239
24,2,2011,1699.17,0.54,0.000318
25,2,2011,1713.4,14.23,0.008375
28,2,2011,1750.97,37.57,0.021927
1,3,2011,1762.02,11.05,0.006311
2,3,2011,1760.13,-1.89,-0.001073
3,3,2011,1782.06,21.93,0.012459
4,3,2011,1788.14,6.08,0.003412
7,3,2011,1778.92,-9.22,-0.005156
8,3,2011,1757.98,-20.94,-0.011771
9,3,2011,1765.67,7.69,0.004374
10,3,2011,1728.54,-37.13,-0.021029
11,3,2011,1699.01,-29.53,-0.017084
14,3,2011,1685.54,-13.47,-0.007928
15,3,2011,1645.96,-39.58,-0.023482
16,3,2011,1638.58,-7.38,-0.004484
17,3,2011,1708.98,70.4,0.042964
18,3,2011,1739.16,30.18,0.01766
22,3,2011,1740.98,1.82,0.001046
23,3,2011,1743.02,2.04,0.001172
24,3,2011,1742.05,-0.97,-0.000557
25,3,2011,1727.79,-14.26,-0.008186
28,3,2011,1721.7,-6.09,-0.003525
29,3,2011,1708.76,-12.94,-0.007516
30,3,2011,1703.93,-4.83,-0.002827
31,3,2011,1718.45,14.52,0.008521
1,4,2011,1708.59,-9.86,-0.005738
4,4,2011,1707.14,-1.45,-0.000849
5,4,2011,1719.39,12.25,0.007176
6,4,2011,1724.42,5.03,0.002925
7,4,2011,1723.94,-0.48,-0.000278
8,4,2011,1708.66,-15.28,-0.008863
11,4,2011,1703.1,-5.56,-0.003254
12,4,2011,1676.58,-26.52,-0.015572
13,4,2011,1682.54,5.96,0.003555
14,4,2011,1670.12,-12.42,-0.007382
15,4,2011,1670.18,0.06,0.000036
18,4,2011,1653.76,-16.42,-0.009831
19,4,2011,1661.23,7.47,0.004517
20,4,2011,1691.73,30.5,0.01836
25,4,2011,1689.11,-2.62,-0.001549
26,4,2011,1697.39,8.28,0.004902
27,4,2011,1690.59,-6.8,-0.004006
28,4,2011,1697.39,6.8,0.004022
29,4,2011,1700.68,3.29,0.001938
2,5,2011,1692.14,-8.54,-0.005022
3,5,2011,1671.95,-20.19,-0.011932
4,5,2011,1675.38,3.43,0.002051
5,5,2011,1643.3,-32.08,-0.019148
6,5,2011,1652.88,9.58,0.00583
9,5,2011,1670.42,17.54,0.010612
10,5,2011,1692.77,22.35,0.01338
11,5,2011,1697.55,4.78,0.002824
12,5,2011,1703.03,5.48,0.003228
13,5,2011,1706.76,3.73,0.00219
16,5,2011,1700.03,-6.73,-0.003943
17,5,2011,1713.15,13.12,0.007718
18,5,2011,1710.67,-2.48,-0.001448
19,5,2011,1706.13,-4.54,-0.002654
20,5,2011,1710.5,4.37,0.002561
23,5,2011,1709.07,-1.43,-0.000836
24,5,2011,1721.44,12.37,0.007238
25,5,2011,1717.92,-3.52,-0.002045
26,5,2011,1733.2,15.28,0.008894
27,5,2011,1732.02,-1.18,-0.000681
30,5,2011,1737.87,5.85,0.003378
31,5,2011,1760.4,22.53,0.012964
1,6,2011,1753.64,-6.76,-0.00384
2,6,2011,1752.74,-0.9,-0.000513
3,6,2011,1753.31,0.57,0.000325
7,6,2011,1750.15,-3.16,-0.001802
8,6,2011,1755.85,5.7,0.003257
9,6,2011,1753.2,-2.65,-0.001509
10,6,2011,1751.77,-1.43,-0.000816
13,6,2011,1730,-21.77,-0.012427
14,6,2011,1729.69,-0.31,-0.000179
15,6,2011,1701.98,-27.71,-0.01602
16,6,2011,1701.45,-0.53,-0.000311
17,6,2011,1702.44,0.99,0.000582
20,6,2011,1697,-5.44,-0.003195
21,6,2011,1709.27,12.27,0.00723
22,6,2011,1721.61,12.34,0.007219
23,6,2011,1712.98,-8.63,-0.005013
24,6,2011,1710.15,-2.83,-0.001652
28,6,2011,1711.42,1.27,0.000743
29,6,2011,1718.91,7.49,0.004376
30,6,2011,1700.43,-18.48,-0.010751
1,7,2011,1707.03,6.6,0.003881
5,7,2011,1716.02,8.99,0.005266
6,7,2011,1677.4,-38.62,-0.022506
7,7,2011,1673.86,-3.54,-0.00211
8,7,2011,1656.36,-17.5,-0.010455
11,7,2011,1612.67,-43.69,-0.026377
12,7,2011,1597.89,-14.78,-0.009165
13,7,2011,1610.84,12.95,0.008104
14,7,2011,1585.16,-25.68,-0.015942
15,7,2011,1584.07,-1.09,-0.000688
18,7,2011,1589.3,5.23,0.003302
19,7,2011,1628.2,38.9,0.024476
21,7,2011,1644.74,16.54,0.010158
22,7,2011,1645.71,0.97,0.00059
25,7,2011,1655.68,9.97,0.006058
26,7,2011,1664.25,8.57,0.005176
27,7,2011,1652.59,-11.66,-0.007006
28,7,2011,1671.32,18.73,0.011334
29,7,2011,1659.39,-11.93,-0.007138
1,8,2011,1669.63,10.24,0.006171
2,8,2011,1658.98,-10.65,-0.006379
3,8,2011,1651.57,-7.41,-0.004467
4,8,2011,1601.41,-50.16,-0.030371
5,8,2011,1588.1,-13.31,-0.008311
8,8,2011,1535.48,-52.62,-0.033134
9,8,2011,1578.06,42.58,0.027731
10,8,2011,1582.2,4.14,0.002623
11,8,2011,1600.32,18.12,0.011452
12,8,2011,1611.13,10.81,0.006755
16,8,2011,1620.63,9.5,0.005896
17,8,2011,1624.14,3.51,0.002166
18,8,2011,1581.3,-42.84,-0.026377
19,8,2011,1573.1,-8.2,-0.005186
22,8,2011,1572.63,-0.47,-0.000299
23,8,2011,1594.98,22.35,0.014212
24,8,2011,1606.58,11.6,0.007273
25,8,2011,1597.83,-8.75,-0.005446
26,8,2011,1598.55,0.72,0.000451
29,8,2011,1621.76,23.21,0.014519
30,8,2011,1642.79,21.03,0.012967
31,8,2011,1642.04,-0.26,-0.000158
1,9,2011,1642.9,0.37,0.000225
2,9,2011,1642.54,-0.36,-0.000219
5,9,2011,1610.98,-31.56,-0.019214
6,9,2011,1634.33,23.35,0.014494
7,9,2011,1646.88,12.55,0.007679
8,9,2011,1645.06,-1.82,-0.001105
9,9,2011,1631.87,-13.19,-0.008018
12,9,2011,1629.9,-1.97,-0.001207
13,9,2011,1634.16,4.26,0.002614
14,9,2011,1640.37,6.21,0.0038
15,9,2011,1659.03,18.66,0.011375
16,9,2011,1684.37,25.34,0.015274
19,9,2011,1680.37,-4,-0.002375
20,9,2011,1676.51,-3.86,-0.002297
21,9,2011,1656.33,-20.18,-0.012037
22,9,2011,1607.91,-48.42,-0.029233
23,9,2011,1593.69,-14.22,-0.008844
26,9,2011,1584.3,-9.39,-0.005892
27,9,2011,1593.65,9.35,0.005902
28,9,2011,1586.55,-7.1,-0.004455
29,9,2011,1602.97,16.42,0.01035
30,9,2011,1584.75,-18.22,-0.011366
3,10,2011,1550.95,-33.8,-0.021328
4,10,2011,1567.69,16.74,0.010793
5,10,2011,1578.7,11.01,0.007023
6,10,2011,1589.68,10.98,0.006955
7,10,2011,1583.86,-5.82,-0.003661
10,10,2011,1602.25,18.39,0.011611
11,10,2011,1596.7,-5.55,-0.003464
12,10,2011,1610.92,14.22,0.008906
13,10,2011,1612.34,1.42,0.000881
14,10,2011,1618.42,6.08,0.003771
18,10,2011,1627.69,9.27,0.005728
19,10,2011,1615.59,-12.1,-0.007434
20,10,2011,1619.15,3.56,0.002204
21,10,2011,1627.27,8.12,0.005015
24,10,2011,1634.43,7.16,0.0044
25,10,2011,1620.98,-13.45,-0.008229
26,10,2011,1623.33,2.35,0.00145
27,10,2011,1639.95,16.62,0.010238
28,10,2011,1636.5,-3.45,-0.002104
31,10,2011,1622.23,-14.27,-0.00872
1,11,2011,1597.17,-25.06,-0.015448
2,11,2011,1595.2,-1.97,-0.001233
3,11,2011,1609.71,14.51,0.009096
4,11,2011,1600.14,-9.57,-0.005945
8,11,2011,1606.91,6.77,0.004231
9,11,2011,1581.37,-25.54,-0.015894
10,11,2011,1573.5,-7.87,-0.004977
11,11,2011,1582.14,8.64,0.005491
15,11,2011,1579.39,-2.75,-0.001738
16,11,2011,1571.96,-7.43,-0.004704
17,11,2011,1570.15,-1.81,-0.001151
18,11,2011,1562.55,-7.6,-0.00484
21,11,2011,1545.32,-17.23,-0.011027
22,11,2011,1544.24,-1.08,-0.000699
23,11,2011,1496.65,-47.59,-0.030818
24,11,2011,1492.3,-4.35,-0.002906
25,11,2011,1482.59,-9.71,-0.006507
28,11,2011,1512.95,30.36,0.020478
29,11,2011,1525.05,12.1,0.007998
30,11,2011,1561.07,36.02,0.023619
1,12,2011,1575.56,14.49,0.009282
2,12,2011,1586.85,11.29,0.007166
5,12,2011,1574.81,-12.04,-0.007587
6,12,2011,1544.21,-30.6,-0.019431
7,12,2011,1576.49,32.28,0.020904
9,12,2011,1577.86,1.37,0.000869
12,12,2011,1572.06,-5.8,-0.003676
13,12,2011,1568.09,-3.97,-0.002525
14,12,2011,1546.37,-21.72,-0.013851
15,12,2011,1541.9,-4.47,-0.002891
16,12,2011,1571.89,29.99,0.01945
19,12,2011,1561.06,-10.83,-0.00689
20,12,2011,1579.47,18.41,0.011793
21,12,2011,1586.41,6.94,0.004394
22,12,2011,1599.74,13.33,0.008403
23,12,2011,1600.4,0.66,0.000413
26,12,2011,1592.11,-8.29,-0.00518
27,12,2011,1584.91,-7.2,-0.004522
28,12,2011,1589.38,4.47,0.00282
29,12,2011,1571.55,-17.83,-0.011218
2,1,2012,1577.71,6.16,0.00392
3,1,2012,1601.87,24.16,0.015313
4,1,2012,1606.48,4.61,0.002878
5,1,2012,1606.09,-0.39,-0.000243
6,1,2012,1599.69,-6.4,-0.003985
10,1,2012,1618.88,19.19,0.011996
11,1,2012,1609.94,-8.94,-0.005522
12,1,2012,1585.81,-24.13,-0.014988
13,1,2012,1592.82,7.01,0.00442
16,1,2012,1578.22,-14.6,-0.009166
17,1,2012,1597.95,19.73,0.012501
18,1,2012,1613.67,15.72,0.009838
19,1,2012,1606.49,-7.18,-0.004449
20,1,2012,1607.26,0.77,0.000479
23,1,2012,1609.92,2.66,0.001655
24,1,2012,1605.29,-4.63,-0.002876
25,1,2012,1602.73,-2.56,-0.001595
26,1,2012,1601.27,-1.46,-0.000911
27,1,2012,1595.77,-5.5,-0.003435
30,1,2012,1614.01,18.24,0.01143
31,1,2012,1633.62,19.61,0.01215
1,2,2012,1634,0.38,0.000233
2,2,2012,1642.73,8.73,0.005343
3,2,2012,1643.43,0.7,0.000426
6,2,2012,1642.15,-1.28,-0.000779
7,2,2012,1649.71,7.56,0.004604
8,2,2012,1655.43,5.72,0.003467
9,2,2012,1658.67,3.24,0.001957
10,2,2012,1657.28,-1.39,-0.000838
13,2,2012,1669.47,12.19,0.007355
14,2,2012,1674.22,4.75,0.002845
15,2,2012,1677.16,2.94,0.001756
16,2,2012,1705.02,27.86,0.016611
17,2,2012,1710.76,5.74,0.003367
20,2,2012,1714.26,3.5,0.002046
21,2,2012,1700.22,-14.04,-0.00819
22,2,2012,1703.29,3.07,0.001806
23,2,2012,1720.51,17.22,0.01011
24,2,2012,1718.51,-2,-0.001162
27,2,2012,1706.7,-11.81,-0.006872
28,2,2012,1698.81,-7.89,-0.004623
29,2,2012,1730.46,31.65,0.018631
1,3,2012,1740.64,10.18,0.005883
2,3,2012,1739.94,-0.7,-0.000402
5,3,2012,1735.25,-4.69,-0.002695
6,3,2012,1707.85,-27.4,-0.01579
7,3,2012,1712.59,4.74,0.002775
8,3,2012,1724.74,12.15,0.007095
9,3,2012,1724.62,-0.12,-0.00007
12,3,2012,1718.86,-5.76,-0.00334
13,3,2012,1747.23,28.37,0.016505
14,3,2012,1740.55,-6.68,-0.003823
15,3,2012,1739.08,-1.47,-0.000845
16,3,2012,1705,-34.08,-0.019597
20,3,2012,1713.25,8.25,0.004839
21,3,2012,1714.28,1.03,0.000601
22,3,2012,1706.08,-8.2,-0.004783
23,3,2012,1732.23,26.15,0.015328
26,3,2012,1747.8,15.57,0.008988
27,3,2012,1736.81,-10.99,-0.006288
28,3,2012,1737.36,0.55,0.000317
29,3,2012,1751.47,14.11,0.008122
30,3,2012,1743.63,-7.84,-0.004476
2,4,2012,1741.76,-1.87,-0.001072
3,4,2012,1741.87,0.11,0.000063
4,4,2012,1742.9,1.03,0.000591
9,4,2012,1744.02,1.12,0.000643
10,4,2012,1739.48,-4.54,-0.002603
11,4,2012,1755.43,15.95,0.009169
12,4,2012,1756.27,0.84,0.000479
13,4,2012,1748.7,-7.57,-0.00431
16,4,2012,1761.03,12.33,0.007051
17,4,2012,1765.55,4.52,0.002567
18,4,2012,1762.93,-2.62,-0.001484
19,4,2012,1750.7,-12.23,-0.006937
23,4,2012,1746.29,-8.27,-0.004713
24,4,2012,1736.95,-9.34,-0.005348
25,4,2012,1749.43,12.48,0.007185
26,4,2012,1759.62,10.19,0.005825
27,4,2012,1769.49,9.87,0.005609
30,4,2012,1785.66,16.17,0.009138
2,5,2012,1814.12,28.46,0.015938
3,5,2012,1812.08,-2.04,-0.001125
4,5,2012,1799.25,-12.83,-0.00708
7,5,2012,1802.34,3.09,0.001717
8,5,2012,1796.45,-5.89,-0.003268
9,5,2012,1793.63,-2.82,-0.00157
10,5,2012,1779.53,-14.1,-0.007861
11,5,2012,1775.8,-3.73,-0.002096
14,5,2012,1740.03,-35.77,-0.020143
15,5,2012,1733.67,-6.36,-0.003655
16,5,2012,1737.27,3.6,0.002077
17,5,2012,1707.1,-30.17,-0.017366
18,5,2012,1715.45,8.35,0.004891
22,5,2012,1732.77,17.32,0.010096
23,5,2012,1727.34,-5.43,-0.003134
24,5,2012,1720.08,-7.26,-0.004203
25,5,2012,1713.33,-6.75,-0.003924
28,5,2012,1701.09,-12.24,-0.007144
29,5,2012,1712.03,10.94,0.006431
30,5,2012,1693.06,-18.97,-0.01108
31,5,2012,1726.55,33.49,0.019781
1,6,2012,1680.44,-46.11,-0.026706
4,6,2012,1664.04,-16.4,-0.009759
5,6,2012,1660.65,-3.39,-0.002037
6,6,2012,1673.34,12.69,0.007642
7,6,2012,1676.44,3.1,0.001853
8,6,2012,1672.84,-3.6,-0.002147
12,6,2012,1656.57,-16.27,-0.009726
13,6,2012,1653.02,-3.55,-0.002143
14,6,2012,1665.18,12.16,0.007356
15,6,2012,1649.5,-15.68,-0.009416
19,6,2012,1676.53,27.03,0.016387
20,6,2012,1686.6,10.07,0.006006
21,6,2012,1638.93,-47.67,-0.028264
22,6,2012,1633.51,-5.42,-0.003307
25,6,2012,1593.97,-39.54,-0.024206
26,6,2012,1595.32,1.35,0.000847
27,6,2012,1626.87,31.55,0.019777
28,6,2012,1610.49,-16.38,-0.010068
29,6,2012,1640.01,29.52,0.01833
3,7,2012,1669.72,29.71,0.018116
4,7,2012,1666.75,-2.97,-0.001779
5,7,2012,1673.3,6.55,0.00393
6,7,2012,1667.44,-5.86,-0.003502
9,7,2012,1660.33,-7.11,-0.004264
10,7,2012,1654.13,-6.2,-0.003734
11,7,2012,1666.08,11.95,0.007224
12,7,2012,1644.65,-21.43,-0.012863
13,7,2012,1657.84,13.19,0.00802
16,7,2012,1655.1,-2.74,-0.001653
17,7,2012,1660.46,5.36,0.003238
18,7,2012,1665.54,5.08,0.003059
19,7,2012,1671.02,5.48,0.00329
23,7,2012,1658.12,-12.9,-0.00772
24,7,2012,1658.8,0.68,0.00041
25,7,2012,1642.76,-16.04,-0.00967
26,7,2012,1650.02,7.26,0.004419
27,7,2012,1684.97,34.95,0.021182
30,7,2012,1683.09,-1.88,-0.001116
31,7,2012,1673.87,-9.22,-0.005478
1,8,2012,1668.16,-5.71,-0.003411
2,8,2012,1651.66,-16.5,-0.009891
3,8,2012,1644.62,-7.04,-0.004262
6,8,2012,1638.69,-5.93,-0.003606
8,8,2012,1612.62,-26.07,-0.015909
9,8,2012,1652.22,39.6,0.024556
10,8,2012,1661.68,9.46,0.005726
13,8,2012,1656.32,-5.36,-0.003226
14,8,2012,1667.12,10.8,0.00652
15,8,2012,1678.45,11.33,0.006796
16,8,2012,1684.47,6.02,0.003587
17,8,2012,1686.75,2.28,0.001354
21,8,2012,1673.75,-13,-0.007707
22,8,2012,1677.78,4.03,0.002408
23,8,2012,1679,1.22,0.000727
24,8,2012,1672.59,-6.41,-0.003818
27,8,2012,1675.66,3.07,0.001835
28,8,2012,1683.2,7.54,0.0045
29,8,2012,1675.2,-8,-0.004753
30,8,2012,1667.96,-7.24,-0.004322
31,8,2012,1668.5,0.54,0.000324
3,9,2012,1667.1,-1.4,-0.000839
4,9,2012,1655.2,-11.9,-0.007138
5,9,2012,1650.16,-5.04,-0.003045
6,9,2012,1680.96,30.8,0.018665
7,9,2012,1689.54,8.58,0.005104
10,9,2012,1683.06,-6.48,-0.003835
11,9,2012,1685.2,2.14,0.001271
12,9,2012,1683.19,-2.01,-0.001193
13,9,2012,1695.77,12.58,0.007474
14,9,2012,1708.52,12.75,0.007519
17,9,2012,1681.37,-27.15,-0.015891
18,9,2012,1688.66,7.29,0.004336
19,9,2012,1705.1,16.44,0.009736
20,9,2012,1703.79,-1.31,-0.000768
21,9,2012,1709.38,5.59,0.003281
24,9,2012,1696.13,-13.25,-0.007751
25,9,2012,1686.1,-10.03,-0.005913
26,9,2012,1683.52,-2.58,-0.00153
27,9,2012,1695.75,12.23,0.007265
28,9,2012,1681.08,-14.67,-0.008651
1,10,2012,1683.4,2.32,0.00138
2,10,2012,1695.46,12.06,0.007164
3,10,2012,1692.75,-2.71,-0.001598
4,10,2012,1703.7,10.95,0.006469
5,10,2012,1704.62,0.92,0.00054
8,10,2012,1702.03,-2.59,-0.001519
9,10,2012,1695.89,-6.14,-0.003607
10,10,2012,1698.16,2.27,0.001339
11,10,2012,1700.28,2.12,0.001248
12,10,2012,1706.5,6.22,0.003658
16,10,2012,1721.62,15.12,0.00886
17,10,2012,1753.63,32.01,0.018593
18,10,2012,1775.3,21.67,0.012357
19,10,2012,1780.11,4.81,0.002709
22,10,2012,1795.74,15.63,0.00878
23,10,2012,1790.49,-5.25,-0.002924
24,10,2012,1795.58,5.09,0.002843
25,10,2012,1832.14,36.56,0.020361
26,10,2012,1830.06,-2.08,-0.001135
29,10,2012,1835.82,5.76,0.003147
30,10,2012,1813.4,-22.42,-0.012213
31,10,2012,1809.93,-3.47,-0.001914
1,11,2012,1771.46,-38.47,-0.021255
2,11,2012,1754.39,-17.07,-0.009636
6,11,2012,1742.77,-11.62,-0.006623
7,11,2012,1700.88,-41.89,-0.024036
8,11,2012,1745.4,44.52,0.026175
9,11,2012,1749.79,4.39,0.002515
13,11,2012,1743.09,-6.7,-0.003829
14,11,2012,1730.7,-12.39,-0.007108
15,11,2012,1741.54,10.84,0.006263
16,11,2012,1739.37,-2.17,-0.001246
19,11,2012,1743.83,4.46,0.002564
20,11,2012,1743.33,-0.5,-0.000287
21,11,2012,1748.26,4.93,0.002828
22,11,2012,1746,-2.26,-0.001293
23,11,2012,1743.39,-2.61,-0.001495
26,11,2012,1735.06,-8.33,-0.004778
27,11,2012,1733.01,-2.05,-0.001182
28,11,2012,1738.19,5.18,0.002989
29,11,2012,1747.27,9.08,0.005224
30,11,2012,1759.53,12.26,0.007017
3,12,2012,1767.42,7.89,0.004484
4,12,2012,1773.75,6.33,0.003581
5,12,2012,1792.97,19.22,0.010836
6,12,2012,1796.93,3.96,0.002209
7,12,2012,1800.19,3.26,0.001814
10,12,2012,1803.63,3.44,0.001911
11,12,2012,1814.31,10.68,0.005921
12,12,2012,1818.73,4.42,0.002436
13,12,2012,1812.26,-6.47,-0.003557
14,12,2012,1806.78,-5.48,-0.003024
17,12,2012,1808.61,1.83,0.001013
18,12,2012,1809.56,0.95,0.000525
19,12,2012,1821.91,12.35,0.006825
20,12,2012,1815.15,-6.76,-0.00371
21,12,2012,1814.73,-0.42,-0.000231
24,12,2012,1825.23,10.5,0.005786
26,12,2012,1822.46,-2.77,-0.001518
27,12,2012,1835.38,12.92,0.007089
28,12,2012,1832.75,-2.63,-0.001433
2,1,2013,1824.93,-7.82,-0.004267
3,1,2013,1842.71,17.78,0.009743
4,1,2013,1848.41,5.7,-1
8,1,2013,1832.04,-16.37,-0.008856
9,1,2013,1844.33,12.29,0.006708
10,1,2013,1837.77,-6.56,-0.003557
11,1,2013,1837.01,-0.76,-0.000414
14,1,2013,1840.19,3.18,0.001731
15,1,2013,1838.7,-1.49,-0.00081
16,1,2013,1841.42,2.72,0.001479
17,1,2013,1833.38,-8.04,-0.004366
18,1,2013,1845.22,11.84,0.006458
21,1,2013,1843.72,-1.5,-0.000813
22,1,2013,1852.93,9.21,0.004995
23,1,2013,1856.36,3.43,0.001851
24,1,2013,1863.83,7.47,0.004024
25,1,2013,1866.62,2.79,0.001497
28,1,2013,1859.88,-6.74,-0.003611
29,1,2013,1867.65,7.77,0.004178
30,1,2013,1869.98,2.33,0.001248
31,1,2013,1866.21,-3.77,-0.002016
1,2,2013,1878.38,12.17,0.006521
4,2,2013,1876.35,-2.03,-0.001081
5,2,2013,1889.3,12.95,0.006902
6,2,2013,1880.02,-9.28,-0.004912
7,2,2013,1870.5,-9.52,-0.005064
8,2,2013,1870.73,0.23,0.000123
11,2,2013,1858.65,-12.08,-0.006457
12,2,2013,1860.3,1.65,0.000888
13,2,2013,1873.38,13.08,0.007031
14,2,2013,1873.52,0.14,0.000075
15,2,2013,1859.54,-13.98,-0.007462
18,2,2013,1862.53,2.99,0.001608
19,2,2013,1849.53,-13,-0.00698
20,2,2013,1845.03,-4.5,-0.002433
21,2,2013,1844.07,-0.96,-0.00052
22,2,2013,1851.93,7.86,0.004262
25,2,2013,1852.96,1.03,0.000556
26,2,2013,1846.31,-6.65,-0.003589
27,2,2013,1847.63,1.32,0.000715
28,2,2013,1844.49,-3.14,-0.001699
1,3,2013,1839.74,-4.75,-0.002575
4,3,2013,1822.46,-17.28,-0.009393
5,3,2013,1815.27,-7.19,-0.003945
6,3,2013,1806.97,-8.3,-0.004572
7,3,2013,1790.98,-15.99,-0.008849
8,3,2013,1792.26,1.28,0.000715
11,3,2013,1793.99,1.73,0.000965
12,3,2013,1800.66,6.67,0.003718
13,3,2013,1790.1,-10.56,-0.005865
14,3,2013,1789.81,-0.29,-0.000162
15,3,2013,1806.67,16.86,0.00942
18,3,2013,1796.57,-10.1,-0.00559
19,3,2013,1760.23,-36.34,-0.020227
20,3,2013,1759.56,-0.67,-0.000381
21,3,2013,1758.44,-1.12,-0.000637
22,3,2013,1760.05,1.61,0.000916
26,3,2013,1773.98,13.93,0.007915
27,3,2013,1774.86,0.88,0.000496
1,4,2013,1770.09,-4.77,-0.002688
2,4,2013,1769.61,-0.48,-0.000271
3,4,2013,1746.9,-22.71,-0.012833
4,4,2013,1756.97,10.07,0.005764
5,4,2013,1758.88,1.91,0.001087
8,4,2013,1745.89,-12.99,-0.007385
9,4,2013,1739.58,-6.31,-0.003614
10,4,2013,1742.18,2.6,0.001495
11,4,2013,1750.72,8.54,0.004902
12,4,2013,1733.9,-16.82,-0.009607
15,4,2013,1682.2,-51.7,-0.029817
16,4,2013,1705.48,23.28,0.013839
17,4,2013,1699.94,-5.54,-0.003248
18,4,2013,1703.49,3.55,0.002088
19,4,2013,1705.98,2.49,0.001462
22,4,2013,1713.68,7.7,0.004514
23,4,2013,1713.35,-0.33,-0.000193
24,4,2013,1715.77,2.42,0.001412
25,4,2013,1715.96,0.19,0.000111
26,4,2013,1705.11,-10.85,-0.006323
29,4,2013,1700.13,-4.98,-0.002921
30,4,2013,1684.88,-15.25,-0.00897
2,5,2013,1695.64,10.76,0.006386
3,5,2013,1698.54,2.9,0.00171
6,5,2013,1686.81,-11.73,-0.006906
7,5,2013,1688.35,1.54,0.000913
8,5,2013,1674.3,-14.05,-0.008322
9,5,2013,1674.21,-0.09,-0.000054
10,5,2013,1654.77,-19.44,-0.011611
14,5,2013,1663.53,8.76,0.005294
15,5,2013,1677.53,14,0.008416
16,5,2013,1686.64,9.11,0.005431
17,5,2013,1689.89,3.25,0.001927
20,5,2013,1681.81,-8.08,-0.004781
21,5,2013,1690.57,8.76,0.005209
22,5,2013,1694.68,4.11,0.002431
23,5,2013,1699.53,4.85,0.002862
24,5,2013,1704.66,5.13,0.003018
27,5,2013,1704.2,-0.46,-0.00027
28,5,2013,1716.23,12.03,0.007059
29,5,2013,1708.44,-7.79,-0.004539
30,5,2013,1702.68,-5.76,-0.003371
31,5,2013,1666.25,-36.43,-0.021396
4,6,2013,1685.12,18.87,0.011325
5,6,2013,1682.02,-3.1,-0.00184
6,6,2013,1677.52,-4.5,-0.002675
7,6,2013,1672.83,-4.69,-0.002796
11,6,2013,1653.52,-19.31,-0.011543
12,6,2013,1629.7,-23.82,-0.014406
13,6,2013,1629.59,-0.11,-0.000067
14,6,2013,1636.9,7.31,0.004486
17,6,2013,1635.23,-1.67,-0.00102
18,6,2013,1655.85,20.62,0.01261
19,6,2013,1650.73,-5.12,-0.003092
20,6,2013,1614.17,-36.56,-0.022148
21,6,2013,1595.35,-18.82,-0.011659
24,6,2013,1570.66,-24.69,-0.015476
25,6,2013,1557.29,-13.37,-0.008512
26,6,2013,1574.5,17.21,0.011051
27,6,2013,1577.39,2.89,0.001836
28,6,2013,1615.84,38.45,0.024376
2,7,2013,1613.05,-2.79,-0.001727
3,7,2013,1607.03,-6.02,-0.003732
4,7,2013,1610.45,3.42,0.002128
5,7,2013,1597.41,-13.04,-0.008097
8,7,2013,1586.14,-11.27,-0.007055
9,7,2013,1575.68,-10.46,-0.006595
10,7,2013,1550.7,-24.98,-0.015853
11,7,2013,1584.43,33.73,0.021751
12,7,2013,1604.24,19.81,0.012503
15,7,2013,1634.75,30.51,0.019018
16,7,2013,1644.74,9.99,0.006111
17,7,2013,1666.87,22.13,0.013455
18,7,2013,1680.11,13.24,0.007943
19,7,2013,1685.63,5.52,0.003285
22,7,2013,1666.29,-19.34,-0.011473
23,7,2013,1694.59,28.3,0.016984
24,7,2013,1704.86,10.27,0.00606
25,7,2013,1701.29,-3.57,-0.002094
26,7,2013,1694.34,-6.95,-0.004085
29,7,2013,1689.53,-4.81,-0.002839
30,7,2013,1694.9,5.37,0.003178
31,7,2013,1680.7,-14.2,-0.008378
1,8,2013,1706,25.3,0.015053
2,8,2013,1721.95,15.95,0.009349
5,8,2013,1718.45,-3.5,-0.002033
6,8,2013,1720.03,1.58,0.000919
8,8,2013,1716.4,-3.63,-0.00211
9,8,2013,1720.67,4.27,0.002488
12,8,2013,1722.91,2.24,0.001302
13,8,2013,1736.35,13.44,0.007801
14,8,2013,1747.11,10.76,0.006197
15,8,2013,1730.41,-16.7,-0.009559
16,8,2013,1727.74,-2.67,-0.001543
20,8,2013,1725.64,-2.1,-0.001215
21,8,2013,1723.34,-2.3,-0.001333
22,8,2013,1722.35,-0.99,-0.000574
23,8,2013,1720.68,-1.67,-0.00097
26,8,2013,1714.15,-6.53,-0.003795
27,8,2013,1714.14,-0.01,-0.000006
28,8,2013,1734,19.86,0.011586
29,8,2013,1721.94,-12.06,-0.006955
30,8,2013,1729.62,7.68,0.00446
2,9,2013,1732.65,3.03,0.001752
3,9,2013,1737.62,4.97,0.002868
4,9,2013,1746.9,9.28,0.005341
5,9,2013,1746.75,-0.15,-0.000086
6,9,2013,1736.54,-10.21,-0.005845
9,9,2013,1752.76,16.22,0.00934
10,9,2013,1765.98,13.22,0.007542
11,9,2013,1770.01,4.03,0.002282
12,9,2013,1768.04,-1.97,-0.001113
13,9,2013,1761.31,-6.73,-0.003806
16,9,2013,1758.74,-2.57,-0.001459
17,9,2013,1766.95,8.21,0.004668
18,9,2013,1766,-0.95,-0.000538
19,9,2013,1765.99,-0.01,-0.000006
20,9,2013,1767.5,1.51,0.000855
23,9,2013,1773.48,5.98,0.003383
24,9,2013,1775.35,1.87,0.001054
25,9,2013,1777,1.65,0.000929
26,9,2013,1765.51,-11.49,-0.006466
27,9,2013,1768.52,3.01,0.001705
30,9,2013,1752.26,-16.26,-0.009194
1,10,2013,1757.92,5.66,0.00323
2,10,2013,1756.97,-0.95,-0.00054
3,10,2013,1754.75,-2.22,-0.001264
4,10,2013,1751.71,-3.04,-0.001732
7,10,2013,1753.6,1.89,0.001079
8,10,2013,1757.29,3.69,0.002104
9,10,2013,1751.06,0,0
10,10,2013,1756.77,5.71,0.003261
11,10,2013,1763.11,6.34,0.003609
15,10,2013,1766.44,3.33,0.001889
16,10,2013,1770.06,3.62,0.002049
17,10,2013,1772.17,2.11,0.001192
18,10,2013,1781,8.83,0.004983
21,10,2013,1779.67,-1.33,-0.000747
22,10,2013,1773.52,-6.15,-0.003456
23,10,2013,1771.25,-2.27,-0.00128
24,10,2013,1775.05,3.8,0.002145
25,10,2013,1773.84,-1.21,-0.000682
28,10,2013,1763.16,-10.68,-0.006021
29,10,2013,1763.01,-0.15,-0.000085
30,10,2013,1758.37,-4.64,-0.002632
31,10,2013,1742.94,-15.43,-0.008775
1,11,2013,1752.97,10.03,0.005755
5,11,2013,1734.76,-18.21,-0.010388
6,11,2013,1736.78,2.02,0.001164
7,11,2013,1713.84,-22.94,-0.013208
8,11,2013,1678.18,-35.66,-0.020807
12,11,2013,1626.07,-52.11,-0.031051
13,11,2013,1663,36.93,0.022711
14,11,2013,1672.18,9.18,0.00552
15,11,2013,1672.1,-0.08,-0.000048
18,11,2013,1670.99,-1.11,-0.000664
19,11,2013,1666.26,-4.73,-0.002831
20,11,2013,1662.73,-3.53,-0.002119
21,11,2013,1659.55,-3.18,-0.001913
22,11,2013,1655.24,-4.31,-0.002597
25,11,2013,1635.5,-19.74,-0.011926
26,11,2013,1625.62,-9.88,-0.006041
27,11,2013,1622.53,-3.09,-0.001901
28,11,2013,1627.07,4.54,0.002798
29,11,2013,1630.19,3.12,0.001918
2,12,2013,1625.93,-4.26,-0.002613
3,12,2013,1626.99,1.06,0.000652
4,12,2013,1587.37,-39.62,-0.024352
5,12,2013,1610.28,22.91,0.014433
6,12,2013,1599.52,-10.76,-0.006682
9,12,2013,1614.63,15.11,0.009447
10,12,2013,1624,9.37,0.005803
11,12,2013,1630.84,6.84,0.004212
12,12,2013,1646.73,15.89,0.009743
13,12,2013,1638.2,-8.53,-0.00518
16,12,2013,1606.98,-31.22,-0.019058
17,12,2013,1616.45,9.47,0.005893
18,12,2013,1600.13,-16.32,-0.010096
19,12,2013,1607.44,7.31,0.004568
20,12,2013,1630.43,22.99,0.014302
23,12,2013,1602.6,-27.83,-0.017069
24,12,2013,1613.81,11.21,0.006995
26,12,2013,1602.72,-11.09,-0.006872
27,12,2013,1601.5,-1.22,-0.000761
30,12,2013,1606.33,4.83,0.003016
2,1,2014,1611.77,5.44,0.003387
3,1,2014,1601.29,-10.48,-0.006502
7,1,2014,1575.61,-25.68,-0.016037
8,1,2014,1566.28,-9.33,-0.005922
9,1,2014,1563.4,-2.88,-0.001839
10,1,2014,1542.07,-21.33,-0.013643
13,1,2014,1539.48,-2.59,-0.00168
14,1,2014,1542.3,2.82,0.001832
15,1,2014,1548.29,5.99,0.003884
16,1,2014,1535.34,-12.95,-0.008364
17,1,2014,1536.08,0.74,0.000482
20,1,2014,1537.99,1.91,0.001243
21,1,2014,1533.29,-4.7,-0.003056
22,1,2014,1541.94,8.65,0.005641
23,1,2014,1516.2,-25.74,-0.016693
24,1,2014,1494.77,-21.43,-0.014134
27,1,2014,1473.27,-21.5,-0.014383
28,1,2014,1461,-12.27,-0.008328
29,1,2014,1452.68,-8.32,-0.005695
30,1,2014,1453.56,0.88,0.000606
31,1,2014,1460.04,6.48,0.004458
3,2,2014,1448.56,-11.48,-0.007863
4,2,2014,1451.76,3.2,0.002209
5,2,2014,1465.76,14,0.009643
6,2,2014,1487.61,21.85,0.014907
7,2,2014,1499.57,11.96,0.00804
10,2,2014,1484.52,-15.05,-0.010036
11,2,2014,1497.94,13.42,0.00904
12,2,2014,1515.4,17.46,0.011656
13,2,2014,1520.23,4.83,0.003187
14,2,2014,1527.35,7.12,0.004684
17,2,2014,1524.79,-2.56,-0.001676
18,2,2014,1534.93,10.14,0.00665
19,2,2014,1546.07,11.14,0.007258
20,2,2014,1525.21,-20.86,-0.013492
21,2,2014,1520.6,-4.61,-0.003023
24,2,2014,1535.11,14.51,0.009542
25,2,2014,1501.4,-33.71,-0.021959
26,2,2014,1488.44,-12.96,-0.008632
27,2,2014,1495.01,6.57,0.004414
28,2,2014,1520.74,25.73,0.017211
3,3,2014,1504.11,-16.63,-0.010935
4,3,2014,1539.33,35.22,0.023416
5,3,2014,1563.41,24.08,0.015643
6,3,2014,1588.91,25.5,0.016311
7,3,2014,1571.84,-17.07,-0.010743
10,3,2014,1571.44,-0.4,-0.000254
11,3,2014,1586.04,14.6,0.009291
12,3,2014,1584.93,-1.11,-0.0007
13,3,2014,1597.85,12.92,0.008152
14,3,2014,1589.85,-8,-0.005007
17,3,2014,1596.76,6.91,0.004346
18,3,2014,1592.49,-4.27,-0.002674
19,3,2014,1595.18,2.69,0.001689
20,3,2014,1608.99,13.81,0.008657
21,3,2014,1607.95,-1.04,-0.000646
25,3,2014,1639.02,31.07,0.019323
26,3,2014,1646.01,6.99,0.004265
27,3,2014,1663.84,17.83,0.010832
28,3,2014,1673.72,9.88,0.005938
31,3,2014,1688.3,14.58,0.008711
1,4,2014,1691.88,3.58,0.00212
2,4,2014,1707.22,15.34,0.009067
3,4,2014,1713.01,5.79,0.003391
4,4,2014,1703.12,-9.89,-0.005773
7,4,2014,1682.99,-20.13,-0.011819
8,4,2014,1673.08,-9.91,-0.005888
9,4,2014,1668.97,-4.11,-0.002457
10,4,2014,1681.42,12.45,0.00746
11,4,2014,1676.8,-4.62,-0.002748
14,4,2014,1688.17,11.37,0.006781
15,4,2014,1669.24,-18.93,-0.011213
16,4,2014,1677.73,8.49,0.005086
21,4,2014,1668.85,-8.88,-0.005293
22,4,2014,1654.78,-14.07,-0.008431
23,4,2014,1649.67,-5.11,-0.003088
24,4,2014,1634.54,-15.13,-0.009172
25,4,2014,1641.46,6.92,0.004234
28,4,2014,1642.1,0.64,0.00039
29,4,2014,1653.62,11.52,0.007015
30,4,2014,1672.47,18.85,0.011399
2,5,2014,1659.54,-12.93,-0.007731
5,5,2014,1650.36,-9.18,-0.005532
6,5,2014,1651.95,1.59,0.000963
7,5,2014,1663.76,11.81,0.007149
8,5,2014,1674.28,10.52,0.006323
9,5,2014,1674.22,-0.06,-0.000036
12,5,2014,1686.47,12.25,0.007317
13,5,2014,1688.91,2.44,0.001447
14,5,2014,1689.49,0.58,0.000343
15,5,2014,1676.77,-12.72,-0.007529
16,5,2014,1685.11,8.34,0.004974
19,5,2014,1683.19,-1.92,-0.001139
20,5,2014,1662.45,-20.74,-0.012322
21,5,2014,1673.48,11.03,0.006635
22,5,2014,1664.57,-8.91,-0.005324
23,5,2014,1666.79,2.22,0.001334
26,5,2014,1663.96,-2.83,-0.001698
27,5,2014,1663.46,-0.5,-0.0003
28,5,2014,1661.55,-1.91,-0.001148
29,5,2014,1662.86,1.31,0.000788
30,5,2014,1659.05,-3.81,-0.002291
3,6,2014,1678.97,19.92,0.012007
4,6,2014,1675.34,-3.63,-0.002162
5,6,2014,1682.81,7.47,0.004459
6,6,2014,1676.84,-5.97,-0.003548
9,6,2014,1683.87,7.03,0.004192
10,6,2014,1714.03,30.16,0.017911
11,6,2014,1720.6,6.57,0.003833
12,6,2014,1714.84,-5.76,-0.003348
13,6,2014,1716.81,1.97,0.001149
16,6,2014,1728.28,11.47,0.006681
17,6,2014,1719.06,-9.22,-0.005335
18,6,2014,1722.24,3.18,0.00185
19,6,2014,1720.16,-2.08,-0.001208
20,6,2014,1725.13,4.97,0.002889
24,6,2014,1723.7,-1.43,-0.000829
25,6,2014,1717.65,-6.05,-0.00351
26,6,2014,1710.67,-6.98,-0.004064
27,6,2014,1705.99,-4.68,-0.002736
1,7,2014,1705.14,-0.85,-0.000498
2,7,2014,1703.39,-1.75,-0.001026
3,7,2014,1705.49,2.1,0.001233
4,7,2014,1704.32,-1.17,-0.000686
7,7,2014,1701.44,-2.88,-0.00169
8,7,2014,1695.6,-5.84,-0.003432
9,7,2014,1684.34,-11.26,-0.006641
10,7,2014,1674.48,-9.86,-0.005854
11,7,2014,1684.25,9.77,0.005835
14,7,2014,1673.99,-10.26,-0.006092
15,7,2014,1680.12,6.13,0.003662
16,7,2014,1687,6.88,0.004095
17,7,2014,1688.55,1.55,0.000919
18,7,2014,1689.55,1,0.000592
21,7,2014,1689.25,-0.3,-0.000178
22,7,2014,1697.12,7.87,0.004659
23,7,2014,1695.55,-1.57,-0.000925
24,7,2014,1693.63,-1.92,-0.001132
25,7,2014,1700.91,7.28,0.004298
28,7,2014,1714.94,14.03,0.008249
29,7,2014,1706.94,-8,-0.004665
30,7,2014,1710.59,3.65,0.002138
31,7,2014,1694.59,-16,-0.009353
1,8,2014,1693.06,-1.53,-0.000903
4,8,2014,1712.97,19.91,0.01176
5,8,2014,1724.24,11.27,0.006579
6,8,2014,1720.24,-4,-0.00232
8,8,2014,1719.88,-0.36,-0.000209
11,8,2014,1740.83,20.95,0.012181
12,8,2014,1720.34,-20.49,-0.01177
13,8,2014,1726.32,5.98,0.003476
14,8,2014,1723.15,-3.17,-0.001836
15,8,2014,1722.54,-0.61,-0.000354
19,8,2014,1731.95,9.41,0.005463
20,8,2014,1750.67,18.72,0.010809
21,8,2014,1755.26,4.59,0.002622
22,8,2014,1747.13,-8.13,-0.004632
25,8,2014,1749.93,2.8,0.001603
26,8,2014,1754.19,4.26,0.002434
27,8,2014,1764.1,9.91,0.005649
28,8,2014,1763.51,-0.59,-0.000334
29,8,2014,1771.18,7.67,0.004349
1,9,2014,1776.76,5.58,0.00315
2,9,2014,1777.53,0.77,0.000433
3,9,2014,1780.25,2.72,0.00153
4,9,2014,1769.38,-10.87,-0.006106
5,9,2014,1761.69,-7.69,-0.004346
8,9,2014,1749.84,-11.85,-0.006726
9,9,2014,1741.59,-8.25,-0.004715
10,9,2014,1744.09,2.5,0.001435
11,9,2014,1733.52,-10.57,-0.00606
12,9,2014,1734.98,1.46,0.000842
15,9,2014,1732.93,-2.05,-0.001182
16,9,2014,1728.09,-4.84,-0.002793
17,9,2014,1735.42,7.33,0.004242
18,9,2014,1741.58,6.16,0.00355
19,9,2014,1739.41,-2.17,-0.001246
22,9,2014,1730.8,-8.61,-0.00495
23,9,2014,1696.34,-34.46,-0.01991
24,9,2014,1688.37,-7.97,-0.004698
25,9,2014,1675.14,-13.23,-0.007836
26,9,2014,1678,2.86,0.001707
29,9,2014,1678.48,0.48,0.000286
30,9,2014,1665.7,-12.78,-0.007614
1,10,2014,1635.43,-30.27,-0.018173
2,10,2014,1629.09,-6.34,-0.003877
3,10,2014,1654.23,25.14,0.015432
6,10,2014,1669.03,14.8,0.008947
7,10,2014,1655.85,-13.18,-0.007897
8,10,2014,1643.31,-12.54,-0.007573
9,10,2014,1640.36,-2.95,-0.001795
10,10,2014,1601.8,-38.56,-0.023507
14,10,2014,1590.3,-11.5,-0.007179
15,10,2014,1580.26,-10.04,-0.006313
16,10,2014,1603.09,22.83,0.014447
17,10,2014,1617,13.91,0.008677
20,10,2014,1617.07,0.07,0.000043
21,10,2014,1626.33,9.26,0.005726
22,10,2014,1613.1,-13.23,-0.008135
23,10,2014,1624.99,11.89,0.007371
24,10,2014,1624.17,-0.82,-0.000505
27,10,2014,1608.76,-15.41,-0.009488
28,10,2014,1610.34,1.58,0.000982
29,10,2014,1615.05,4.71,0.002925
30,10,2014,1626.22,11.17,0.006916
31,10,2014,1634.88,8.66,0.005325
4,11,2014,1625.32,-9.56,-0.005848
5,11,2014,1633.61,8.29,0.005101
6,11,2014,1640.47,6.86,0.004199
7,11,2014,1638.79,-1.68,-0.001024
10,11,2014,1635.71,-3.08,-0.001879
11,11,2014,1620.88,-14.83,-0.009066
12,11,2014,1623.63,2.75,0.001697
13,11,2014,1606.43,-17.2,-0.010594
14,11,2014,1603.88,-2.55,-0.001587
18,11,2014,1593.06,-10.82,-0.006746
19,11,2014,1592.31,-0.75,-0.000471
20,11,2014,1590.12,-2.19,-0.001375
21,11,2014,1598.59,8.47,0.005327
24,11,2014,1584.42,-14.17,-0.008864
25,11,2014,1572.95,-11.47,-0.007239
26,11,2014,1551.89,-21.06,-0.013389
27,11,2014,1532.87,-19.02,-0.012256
28,11,2014,1525.68,-7.19,-0.004691
1,12,2014,1510.06,-15.62,-0.010238
2,12,2014,1497.59,-12.47,-0.008258
3,12,2014,1515.62,18.03,0.012039
4,12,2014,1495.97,-19.65,-0.012965
5,12,2014,1500.51,4.54,0.003035
9,12,2014,1488.4,-12.11,-0.008071
10,12,2014,1444.01,-44.39,-0.029824
11,12,2014,1410.95,-33.06,-0.022895
12,12,2014,1382.75,-28.2,-0.019987
15,12,2014,1348.38,-34.37,-0.024856
16,12,2014,1373.03,24.65,0.018281
17,12,2014,1428.4,55.37,0.040327
18,12,2014,1433.69,5.29,0.003703
19,12,2014,1462.06,28.37,0.019788
22,12,2014,1525.01,62.95,0.043056
23,12,2014,1537.38,12.37,0.008111
24,12,2014,1538.88,1.5,0.000976
26,12,2014,1517.25,-21.63,-0.014056
29,12,2014,1507.53,-9.72,-0.006406
30,12,2014,1512.98,5.45,0.003615
2,1,2015,1483.89,-29.09,-0.019227
5,1,2015,1418.74,-65.15,-0.043905
6,1,2015,1419.92,1.18,0.000832
7,1,2015,1422.2,2.28,0.001606
8,1,2015,1433.37,11.17,0.007854
9,1,2015,1426.77,-6.6,-0.004605
13,1,2015,1412.2,-14.57,-0.010212
14,1,2015,1387.56,-24.64,-0.017448
15,1,2015,1380.65,-6.91,-0.00498
16,1,2015,1376.3,-4.35,-0.003151
19,1,2015,1376.17,-0.13,-0.000094
20,1,2015,1377.29,1.12,0.000814
21,1,2015,1388.17,10.88,0.0079
22,1,2015,1411.78,23.61,0.017008
23,1,2015,1423.28,11.5,0.008146
26,1,2015,1426.48,3.2,0.002248
27,1,2015,1423.89,-2.59,-0.001816
28,1,2015,1407.79,-16.1,-0.011307
29,1,2015,1407.92,0.13,0.000092
30,1,2015,1389,-18.92,-0.013438
2,2,2015,1408.2,19.2,0.013823
3,2,2015,1436.19,27.99,0.019876
4,2,2015,1428.45,-7.74,-0.005389
5,2,2015,1434.46,6.01,0.004207
6,2,2015,1437.03,2.57,0.001792
9,2,2015,1425.57,-11.46,-0.007975
10,2,2015,1402.65,-22.92,-0.016078
11,2,2015,1381.74,-20.91,-0.014907
12,2,2015,1381.46,-0.28,-0.000203
13,2,2015,1397.81,16.35,0.011835
16,2,2015,1398.97,1.16,0.00083
17,2,2015,1397.2,-1.77,-0.001265
18,2,2015,1397.93,0.73,0.000522
19,2,2015,1386.78,-11.15,-0.007976
20,2,2015,1368.85,-17.93,-0.012929
23,2,2015,1375.86,7.01,0.005121
24,2,2015,1365.36,-10.5,-0.007632
25,2,2015,1362.71,-2.65,-0.001941
26,2,2015,1361.95,-0.76,-0.000558
27,2,2015,1367.58,5.63,0.004134
2,3,2015,1342.89,-24.69,-0.018054
3,3,2015,1317.12,-25.77,-0.01919
4,3,2015,1321.63,4.51,0.003424
5,3,2015,1311.62,-10.01,-0.007574
6,3,2015,1280.43,-31.19,-0.02378
9,3,2015,1257.87,-22.56,-0.017619
10,3,2015,1249.94,-7.93,-0.006304
11,3,2015,1249.83,-0.11,-0.000088
12,3,2015,1269.88,20.05,0.016042
13,3,2015,1281.95,12.07,0.009505
16,3,2015,1288.16,6.21,0.004844
17,3,2015,1288.6,0.44,0.000342
18,3,2015,1304.89,16.29,0.012642
19,3,2015,1297.34,-7.55,-0.005786
20,3,2015,1292.36,-4.98,-0.003839
24,3,2015,1284.87,-7.49,-0.005796
25,3,2015,1297.88,13.01,0.010126
26,3,2015,1300.04,2.16,0.001664
27,3,2015,1294.9,-5.14,-0.003954
30,3,2015,1297.14,2.24,0.00173
31,3,2015,1304.62,7.48,0.005767
1,4,2015,1329.8,25.18,0.019301
6,4,2015,1350.52,20.72,0.015581
7,4,2015,1355.85,5.33,0.003947
8,4,2015,1344.58,-11.27,-0.008312
9,4,2015,1350.77,6.19,0.004604
10,4,2015,1347.8,-2.97,-0.002199
13,4,2015,1357.47,9.67,0.007175
14,4,2015,1358.76,1.29,0.00095
15,4,2015,1362.53,3.77,0.002775
16,4,2015,1367.14,4.61,0.003383
17,4,2015,1363.89,-3.25,-0.002377
20,4,2015,1347.89,-16,-0.011731
21,4,2015,1330.31,-17.58,-0.013043
22,4,2015,1346.53,16.22,0.012193
23,4,2015,1357.85,11.32,0.008407
24,4,2015,1374.49,16.64,0.012255
27,4,2015,1392.29,17.8,0.01295
28,4,2015,1411.62,19.33,0.013884
29,4,2015,1405.71,-5.91,-0.004187
30,4,2015,1396.35,-9.36,-0.006659
4,5,2015,1401.16,4.81,0.003445
5,5,2015,1418.06,16.9,0.012061
6,5,2015,1411.22,-6.84,-0.004823
7,5,2015,1378.04,-33.18,-0.023512
8,5,2015,1367.28,-10.76,-0.007808
11,5,2015,1366.06,-1.22,-0.000892
12,5,2015,1361.8,-4.26,-0.003118
13,5,2015,1358.35,-3.45,-0.002533
14,5,2015,1360.76,2.41,0.001774
15,5,2015,1357,-3.76,-0.002763
19,5,2015,1368.58,11.58,0.008534
20,5,2015,1363.42,-5.16,-0.00377
21,5,2015,1356.61,-6.81,-0.004995
22,5,2015,1353.62,-2.99,-0.002204
25,5,2015,1347.77,-5.85,-0.004322
26,5,2015,1336.89,-10.88,-0.008073
27,5,2015,1310.79,-26.1,-0.019523
28,5,2015,1307.17,-3.62,-0.002762
29,5,2015,1306.62,-0.55,-0.000421
1,6,2015,1301.17,-5.45,-0.004171
2,6,2015,1309.26,8.09,0.006217
3,6,2015,1311.78,2.52,0.001925
4,6,2015,1309.09,-2.69,-0.002051
5,6,2015,1320.31,11.22,0.008571
9,6,2015,1319.23,-1.08,-0.000818
10,6,2015,1323.54,4.31,0.003267
11,6,2015,1333.75,10.21,0.007714
12,6,2015,1330.18,-3.57,-0.002677
16,6,2015,1321.1,-9.08,-0.006826
17,6,2015,1320.69,-0.41,-0.00031
18,6,2015,1325.8,5.11,0.003869
19,6,2015,1307.51,-18.29,-0.013795
22,6,2015,1313.33,5.82,0.004451
23,6,2015,1332.08,18.75,0.014277
24,6,2015,1329.42,-2.66,-0.001997
25,6,2015,1313.83,-15.59,-0.011727
26,6,2015,1321.82,7.99,0.006081
30,6,2015,1331.35,9.53,0.00721
1,7,2015,1313.53,-17.82,-0.013385
2,7,2015,1320.06,6.53,0.004971
3,7,2015,1312.67,-7.39,-0.005598
6,7,2015,1309.68,-2.99,-0.002278
7,7,2015,1305.92,-3.76,-0.002871
8,7,2015,1295.54,-10.38,-0.007948
9,7,2015,1300.57,5.03,0.003883
10,7,2015,1310.59,10.02,0.007704
13,7,2015,1314.02,3.43,0.002617
14,7,2015,1325.39,11.37,0.008653
15,7,2015,1324.37,-1.02,-0.00077
16,7,2015,1326.44,2.07,0.001563
17,7,2015,1309.45,-16.99,-0.012809
21,7,2015,1300.58,-8.87,-0.006774
22,7,2015,1306.33,5.75,0.004421
23,7,2015,1307.4,1.07,0.000819
24,7,2015,1303.25,-4.15,-0.003174
27,7,2015,1293.07,-10.18,-0.007811
28,7,2015,1297.62,4.55,0.003519
29,7,2015,1325.32,27.7,0.021347
30,7,2015,1321.96,-3.36,-0.002535
31,7,2015,1317.24,-4.72,-0.00357
3,8,2015,1298.76,-18.48,-0.014029
4,8,2015,1297.64,-1.12,-0.000862
5,8,2015,1288.67,-8.97,-0.006913
6,8,2015,1290.79,2.12,0.001645
10,8,2015,1285.35,-5.44,-0.004214
11,8,2015,1271.62,-13.73,-0.010682
12,8,2015,1281.04,9.42,0.007408
13,8,2015,1272.49,-8.55,-0.006674
14,8,2015,1269.22,-3.27,-0.00257
18,8,2015,1260.95,-8.27,-0.006516
19,8,2015,1240.35,-20.6,-0.016337
20,8,2015,1228.87,-11.48,-0.009255
21,8,2015,1192.75,-36.12,-0.029393
24,8,2015,1150.78,-41.97,-0.035188
25,8,2015,1149.53,-1.25,-0.001086
26,8,2015,1152.87,3.34,0.002906
27,8,2015,1198.78,45.91,0.039822
28,8,2015,1217.95,19.17,0.015991
31,8,2015,1246.59,28.64,0.023515
1,9,2015,1210.78,-35.81,-0.028726
2,9,2015,1218.88,8.1,0.00669
3,9,2015,1238.95,20.07,0.016466
4,9,2015,1235.97,-2.98,-0.002405
7,9,2015,1241.61,5.64,0.004563
8,9,2015,1244.63,3.02,0.002432
9,9,2015,1233.84,-10.79,-0.008669
10,9,2015,1255.39,21.55,0.017466
11,9,2015,1249.58,-5.81,-0.004628
14,9,2015,1250.32,0.74,0.000592
15,9,2015,1253.6,3.28,0.002623
16,9,2015,1265.28,11.68,0.009317
17,9,2015,1264.14,-1.14,-0.000901
18,9,2015,1248.58,-15.56,-0.012309
21,9,2015,1233.98,-14.6,-0.011693
22,9,2015,1215.45,-18.53,-0.015016
23,9,2015,1208.77,-6.68,-0.005496
24,9,2015,1219.38,10.61,0.008778
25,9,2015,1215.27,-4.11,-0.003371
28,9,2015,1203.12,-12.15,-0.009998
29,9,2015,1202.27,-0.85,-0.000706
30,9,2015,1218.82,16.55,0.013766
1,10,2015,1210.19,-8.63,-0.007081
2,10,2015,1218.08,7.89,0.00652
5,10,2015,1237.75,19.67,0.016148
6,10,2015,1254.98,17.23,0.01392
7,10,2015,1274.33,19.35,0.015419
8,10,2015,1280.55,6.22,0.004881
9,10,2015,1280.18,-0.37,-0.000289
13,10,2015,1274.28,-5.9,-0.004609
14,10,2015,1258.68,-15.6,-0.012242
15,10,2015,1251.02,-7.66,-0.006086
16,10,2015,1251.59,0.57,0.000456
19,10,2015,1246.6,-4.99,-0.003987
20,10,2015,1245.97,-0.63,-0.000505
21,10,2015,1245.11,-0.86,-0.00069
22,10,2015,1248.61,3.5,0.002811
23,10,2015,1249.12,0.51,0.000408
26,10,2015,1248.49,-0.63,-0.000504
27,10,2015,1238.47,-10.02,-0.008026
28,10,2015,1228.93,-9.54,-0.007703
29,10,2015,1219.48,-9.45,-0.00769
30,10,2015,1218.13,-1.35,-0.001107
3,11,2015,1217.93,-0.2,-0.000164
4,11,2015,1218.39,0.46,0.000378
5,11,2015,1225.68,7.29,0.005983
6,11,2015,1222.87,-2.81,-0.002293
9,11,2015,1217.49,-5.38,-0.004399
10,11,2015,1213.44,-4.05,-0.003327
11,11,2015,1204.62,-8.82,-0.007269
12,11,2015,1182.47,-22.15,-0.018388
13,11,2015,1152.13,-30.34,-0.025658
17,11,2015,1112.05,-40.08,-0.034788
18,11,2015,1125.57,13.52,0.012158
19,11,2015,1120.45,-5.12,-0.004549
20,11,2015,1139.17,18.72,0.016708
23,11,2015,1140.28,1.11,0.000974
24,11,2015,1124.6,-15.68,-0.013751
25,11,2015,1108.53,-16.07,-0.01429
26,11,2015,1104.06,-4.47,-0.004032
27,11,2015,1092.95,-11.11,-0.010063
30,11,2015,1114.36,21.41,0.019589
1,12,2015,1109.45,-4.91,-0.004406
2,12,2015,1091.47,-17.98,-0.016206
3,12,2015,1081.21,-10.26,-0.0094
4,12,2015,1070.93,-10.28,-0.009508
7,12,2015,1051.25,-19.68,-0.018377
9,12,2015,1062.02,10.77,0.010245
10,12,2015,1080.06,18.04,0.016986
11,12,2015,1074.88,-5.18,-0.004796
14,12,2015,1074.26,-0.62,-0.000577
15,12,2015,1101.24,26.98,0.025115
16,12,2015,1129.78,28.54,0.025916
17,12,2015,1140.85,11.07,0.009798
18,12,2015,1139.99,-0.86,-0.000754
21,12,2015,1131.27,-8.72,-0.007649
22,12,2015,1128.73,-2.54,-0.002245
23,12,2015,1161.02,32.29,0.028607
24,12,2015,1154.77,-6.25,-0.005383
28,12,2015,1152.22,-2.55,-0.002208
29,12,2015,1148.25,-3.97,-0.003446
30,12,2015,1153.71,5.46,0.004755
4,1,2016,1129.71,0,0
5,1,2016,1142.4,12.69,0.011233
6,1,2016,1129.32,-13.08,-0.01145
7,1,2016,1105.73,-23.59,-0.020889
8,1,2016,1098.32,-7.41,-0.006701
12,1,2016,1079.28,-19.04,-0.017336
13,1,2016,1096.68,17.4,0.016122
14,1,2016,1128.65,31.97,0.029152
15,1,2016,1103.26,-25.39,-0.022496
18,1,2016,1078.69,-24.57,-0.02227
19,1,2016,1100.3,21.61,0.020034
20,1,2016,1109.33,9.03,0.008207
21,1,2016,1124.79,15.46,0.013936
22,1,2016,1151.62,26.83,0.023853
25,1,2016,1139.32,-12.3,-0.010681
26,1,2016,1146.36,7.04,0.006179
27,1,2016,1153.46,7.1,0.006194
28,1,2016,1165.38,11.92,0.010334
29,1,2016,1175.09,9.71,0.008332
1,2,2016,1180.72,5.63,0.004791
2,2,2016,1165.77,-14.95,-0.012662
3,2,2016,1180.66,14.89,0.012773
4,2,2016,1188.73,8.07,0.006835
5,2,2016,1195.11,6.38,0.005367
8,2,2016,1192.98,-2.13,-0.001782
9,2,2016,1196.9,3.92,0.003286
10,2,2016,1200.42,3.52,0.002941
11,2,2016,1198.51,-1.91,-0.001591
12,2,2016,1209.03,10.52,0.008778
15,2,2016,1209.88,0.85,0.000703
16,2,2016,1199.98,-9.9,-0.008183
17,2,2016,1233.34,33.36,0.0278
18,2,2016,1235.89,2.55,0.002068
19,2,2016,1234.93,-0.96,-0.000777
22,2,2016,1236.37,1.44,0.001166
23,2,2016,1229.65,-6.72,-0.005435
24,2,2016,1228.18,-1.47,-0.001195
25,2,2016,1240.13,11.95,0.00973
26,2,2016,1246.68,6.55,0.005282
29,2,2016,1244.17,-2.51,-0.002013
1,3,2016,1255.54,11.37,0.009139
2,3,2016,1276.63,21.09,0.016798
3,3,2016,1295.43,18.8,0.014726
4,3,2016,1294.86,-0.57,-0.00044
7,3,2016,1307.17,12.31,0.009507
8,3,2016,1294.63,-12.54,-0.009593
9,3,2016,1296.27,1.64,0.001267
10,3,2016,1299.45,3.18,0.002453
11,3,2016,1302.71,3.26,0.002509
14,3,2016,1298.48,-4.23,-0.003247
15,3,2016,1285.34,-13.14,-0.01012
16,3,2016,1284.4,-0.94,-0.000731
17,3,2016,1295.89,11.49,0.008946
18,3,2016,1309.81,13.92,0.010742
22,3,2016,1316.92,7.11,0.005428
23,3,2016,1321.05,4.13,0.003136
28,3,2016,1305.41,-15.64,-0.011839
29,3,2016,1299.65,-5.76,-0.004412
30,3,2016,1319.77,20.12,0.015481
31,3,2016,1336.27,16.5,0.012502
1,4,2016,1333.63,-2.64,-0.001976
4,4,2016,1337.58,3.95,0.002962
5,4,2016,1313.19,-24.39,-0.018234
6,4,2016,1321.5,8.31,0.006328
7,4,2016,1316.11,-5.39,-0.004079
8,4,2016,1326.57,10.46,0.007948
11,4,2016,1336.37,9.8,0.007387
12,4,2016,1364.13,27.76,0.020773
13,4,2016,1370.62,6.49,0.004758
14,4,2016,1364.97,-5.65,-0.004122
15,4,2016,1355.2,-9.77,-0.007158
18,4,2016,1354.76,-0.44,-0.000325
19,4,2016,1362.84,8.08,0.005964
20,4,2016,1376.61,13.77,0.010104
21,4,2016,1375.95,-0.66,-0.000479
22,4,2016,1374.41,-1.54,-0.001119
25,4,2016,1359.25,-15.16,-0.01103
26,4,2016,1365.2,5.95,0.004377
27,4,2016,1361.98,-3.22,-0.002359
28,4,2016,1362.02,0.04,0.000029
29,4,2016,1342.42,-19.6,-0.01439
2,5,2016,1342.5,0.08,0.00006
3,5,2016,1320.18,-22.32,-0.016626
4,5,2016,1311.83,-8.35,-0.006325
5,5,2016,1291.14,-20.69,-0.015772
6,5,2016,1293.03,1.89,0.001464
10,5,2016,1328.6,35.57,0.027509
11,5,2016,1336.35,7.75,0.005833
12,5,2016,1351.39,15.04,0.011255
13,5,2016,1350.36,-1.03,-0.000762
16,5,2016,1357.57,7.21,0.005339
17,5,2016,1343.88,-13.69,-0.010084
18,5,2016,1327.74,-16.14,-0.01201
19,5,2016,1323.21,-4.53,-0.003412
20,5,2016,1322.44,-0.77,-0.000582
23,5,2016,1325.36,2.92,0.002208
24,5,2016,1319.44,-5.92,-0.004467
25,5,2016,1306.65,-12.79,-0.009694
26,5,2016,1302.13,-4.52,-0.003459
27,5,2016,1302.36,0.23,0.000177
31,5,2016,1292.51,-9.85,-0.007563
1,6,2016,1301.18,8.67,0.006708
2,6,2016,1303,1.82,0.001399
3,6,2016,1307.83,4.83,0.003707
7,6,2016,1315.86,8.03,0.00614
8,6,2016,1333.46,17.6,0.013375
9,6,2016,1333.48,0.02,0.000015
10,6,2016,1320.48,-13,-0.009749
13,6,2016,1315.23,-5.25,-0.003976
14,6,2016,1303.33,-11.9,-0.009048
15,6,2016,1303.83,0.5,0.000384
16,6,2016,1307.77,3.94,0.003022
17,6,2016,1308.41,0.64,0.000489
20,6,2016,1316.2,7.79,0.005954
21,6,2016,1323.65,7.45,0.00566
22,6,2016,1326.25,2.6,0.001964
23,6,2016,1329.58,3.33,0.002511
24,6,2016,1317.71,-11.87,-0.008928
27,6,2016,1302.39,-15.32,-0.011626
28,6,2016,1303.28,0.89,0.000683
29,6,2016,1311.52,8.24,0.006323
30,6,2016,1313.18,1.66,0.001266
1,7,2016,1312.98,-0.2,-0.000152
5,7,2016,1303.46,-9.52,-0.007251
6,7,2016,1310,6.54,0.005017
7,7,2016,1301.76,-8.24,-0.00629
8,7,2016,1297.64,-4.12,-0.003165
11,7,2016,1306.76,9.12,0.007028
12,7,2016,1320.3,13.54,0.010362
13,7,2016,1325.79,5.49,0.004158
14,7,2016,1332.85,7.06,0.005325
15,7,2016,1339.6,6.75,0.005064
18,7,2016,1339,-0.6,-0.000448
19,7,2016,1337.8,-1.2,-0.000896
21,7,2016,1328.61,-9.19,-0.006869
22,7,2016,1332.85,4.24,0.003191
25,7,2016,1323.41,-9.44,-0.007083
26,7,2016,1315.69,-7.72,-0.005833
27,7,2016,1321.65,5.96,0.00453
28,7,2016,1317.44,-4.21,-0.003185
29,7,2016,1308.22,-9.22,-0.006998
1,8,2016,1306.02,-2.2,-0.001682
2,8,2016,1303.35,-2.67,-0.002044
3,8,2016,1304.62,1.27,0.000974
4,8,2016,1307.59,2.97,0.002277
5,8,2016,1309.48,1.89,0.001445
8,8,2016,1314.34,4.86,0.003711
9,8,2016,1323.93,9.59,0.007296
10,8,2016,1322.33,-1.6,-0.001209
11,8,2016,1327.89,5.56,0.004205
12,8,2016,1323.66,-4.23,-0.003186
16,8,2016,1342.69,19.03,0.014377
17,8,2016,1348.89,6.2,0.004618
18,8,2016,1348.01,-0.88,-0.000652
19,8,2016,1349.79,1.78,0.00132
22,8,2016,1349.21,-0.58,-0.00043
23,8,2016,1358.62,9.41,0.006974
24,8,2016,1369.65,11.03,0.008119
25,8,2016,1370.82,1.17,0.000854
26,8,2016,1373.42,2.6,0.001897
29,8,2016,1371.99,-1.43,-0.001041
30,8,2016,1373.85,1.86,0.001356
31,8,2016,1380.18,6.33,0.004607
1,9,2016,1379.41,-0.77,-0.000558
2,9,2016,1394.38,14.97,0.010852
5,9,2016,1397.92,3.54,0.002539
6,9,2016,1402.83,4.91,0.003512
7,9,2016,1417.57,14.74,0.010507
8,9,2016,1416.16,-1.41,-0.000995
9,9,2016,1397.9,-18.26,-0.012894
12,9,2016,1386.73,-11.17,-0.007991
13,9,2016,1367.18,-19.55,-0.014098
14,9,2016,1373.22,6.04,0.004418
15,9,2016,1373.44,0.22,0.00016
16,9,2016,1354.63,-18.81,-0.013696
19,9,2016,1354.67,0.04,0.00003
20,9,2016,1341.36,-13.31,-0.009825
21,9,2016,1341.29,-0.07,-0.000052
22,9,2016,1358.03,16.74,0.012481
23,9,2016,1351.6,-6.43,-0.004735
26,9,2016,1346.67,-4.93,-0.003648
27,9,2016,1333.85,-12.82,-0.00952
28,9,2016,1354.98,21.13,0.015841
29,9,2016,1345,-9.98,-0.007365
30,9,2016,1338.83,-6.17,-0.004587
3,10,2016,1330.57,-8.26,-0.00617
4,10,2016,1335.1,4.53,0.003405
5,10,2016,1341.33,6.23,0.004666
6,10,2016,1343.44,2.11,0.001573
7,10,2016,1348.2,4.76,0.003543
10,10,2016,1350.33,2.13,0.00158
11,10,2016,1358.07,7.74,0.005732
12,10,2016,1354.61,-3.46,-0.002548
13,10,2016,1354.4,-0.21,-0.000155
14,10,2016,1346.07,-8.33,-0.00615
18,10,2016,1355.72,9.65,0.007169
19,10,2016,1364.02,8.3,0.006122
20,10,2016,1361.15,-2.87,-0.002104
21,10,2016,1362.97,1.82,0.001337
24,10,2016,1359.2,-3.77,-0.002766
25,10,2016,1356.98,-2.22,-0.001633
26,10,2016,1357.49,0.51,0.000376
27,10,2016,1359.7,2.21,0.001628
28,10,2016,1360.96,1.26,0.000927
31,10,2016,1365.53,4.57,0.003358
1,11,2016,1370.75,5.22,0.003823
2,11,2016,1368.45,-2.3,-0.001678
3,11,2016,1356.01,-12.44,-0.009091
4,11,2016,1345.66,-10.35,-0.007633
8,11,2016,1354.91,9.25,0.006874
9,11,2016,1354.68,-0.23,-0.00017
10,11,2016,1319.51,-35.17,-0.025962
11,11,2016,1299.03,-20.48,-0.015521
15,11,2016,1297.07,-1.96,-0.001509
16,11,2016,1300.09,3.02,0.002328
17,11,2016,1305.81,5.72,0.0044
18,11,2016,1307.44,1.63,0.001248
21,11,2016,1312.87,5.43,0.004153
22,11,2016,1307.21,-5.66,-0.004311
23,11,2016,1308.87,1.66,0.00127
24,11,2016,1308.94,0.07,0.000053
25,11,2016,1295.67,-13.27,-0.010138
28,11,2016,1289.97,-5.7,-0.004399
29,11,2016,1271.11,-18.86,-0.01462
30,11,2016,1286.07,14.96,0.011769
1,12,2016,1297.33,11.26,0.008755
2,12,2016,1306.56,9.23,0.007115
5,12,2016,1314.74,8.18,0.006261
6,12,2016,1316.82,2.08,0.001582
7,12,2016,1314.38,-2.44,-0.001853
9,12,2016,1324.8,10.42,0.007928
12,12,2016,1323.19,-1.61,-0.001215
13,12,2016,1335.46,12.27,0.009273
14,12,2016,1325.78,-9.68,-0.007248
15,12,2016,1339.89,14.11,0.010643
16,12,2016,1341.58,1.69,0.001261
19,12,2016,1340.08,-1.5,-0.001118
20,12,2016,1345.87,5.79,0.004321
21,12,2016,1342.25,-3.62,-0.00269
22,12,2016,1340.06,-2.19,-0.001632
23,12,2016,1330.31,-9.75,-0.007276
26,12,2016,1341.31,11,0.008269
27,12,2016,1339.06,-2.25,-0.001677
28,12,2016,1353.65,14.59,0.010896
29,12,2016,1351.68,-1.97,-0.001455
2,1,2017,1345.89,-5.79,-0.004284
3,1,2017,1354.82,8.93,0.006635
4,1,2017,1373.04,18.22,0.013448
5,1,2017,1377.88,4.84,0.003525
6,1,2017,1374.08,-3.8,-0.002758
10,1,2017,1372.5,-1.58,-0.00115
11,1,2017,1375.14,2.64,0.001923
12,1,2017,1369.64,-5.5,-0.004
13,1,2017,1369.62,-0.02,-0.000015
16,1,2017,1361.05,-8.57,-0.006257
17,1,2017,1361.48,0.43,0.000316
18,1,2017,1360.54,-0.94,-0.00069
19,1,2017,1359.6,-0.94,-0.000691
20,1,2017,1354.35,-5.25,-0.003861
23,1,2017,1355.43,1.08,0.000797
24,1,2017,1366.91,11.48,0.00847
25,1,2017,1365.24,-1.67,-0.001222
26,1,2017,1371.38,6.14,0.004497
27,1,2017,1372.59,1.21,0.000882
30,1,2017,1364.9,-7.69,-0.005603
31,1,2017,1357.47,-7.43,-0.005444
1,2,2017,1357.83,0.36,0.000265
2,2,2017,1366.79,8.96,0.006599
3,2,2017,1369.79,3,0.002195
6,2,2017,1367.92,-1.87,-0.001365
7,2,2017,1360.65,-7.27,-0.005315
8,2,2017,1350.27,-10.38,-0.007629
9,2,2017,1345.97,-4.3,-0.003185
10,2,2017,1347.4,1.43,0.001062
13,2,2017,1351.36,3.96,0.002939
14,2,2017,1320.97,-30.39,-0.022488
15,2,2017,1334.88,13.91,0.01053
16,2,2017,1344.46,9.58,0.007177
17,2,2017,1341.83,-2.63,-0.001956
20,2,2017,1340.99,-0.84,-0.000626
21,2,2017,1336.52,-4.47,-0.003333
22,2,2017,1331.2,-5.32,-0.00398
23,2,2017,1341.65,10.45,0.00785
24,2,2017,1333.57,-8.08,-0.006022
27,2,2017,1334.45,0.88,0.00066
28,2,2017,1326.31,-8.14,-0.0061
1,3,2017,1328.63,2.32,0.001749
2,3,2017,1326.81,-1.82,-0.00137
3,3,2017,1329.58,2.77,0.002088
6,3,2017,1334.02,4.44,0.003339
7,3,2017,1332.81,-1.21,-0.000907
8,3,2017,1324.54,-8.27,-0.006205
9,3,2017,1330.35,5.81,0.004386
10,3,2017,1335.67,5.32,0.003999
13,3,2017,1342.42,6.75,0.005054
14,3,2017,1317.98,-24.44,-0.018206
15,3,2017,1329.96,11.98,0.00909
16,3,2017,1342.21,12.25,0.009211
17,3,2017,1337.29,-4.92,-0.003666
21,3,2017,1343.97,6.68,0.004995
22,3,2017,1351.16,7.19,0.00535
23,3,2017,1359.19,8.03,0.005943
24,3,2017,1355.53,-3.66,-0.002693
27,3,2017,1356.01,0.48,0.000354
28,3,2017,1363.61,7.6,0.005605
29,3,2017,1364.61,1,0.000733
30,3,2017,1369.88,5.27,0.003862
31,3,2017,1365.61,-4.27,-0.003117
3,4,2017,1368.39,2.78,0.002036
4,4,2017,1368.12,-0.27,-0.000197
5,4,2017,1371.46,3.34,0.002441
6,4,2017,1370.05,-1.41,-0.001028
7,4,2017,1368.98,-1.07,-0.000781
10,4,2017,1375.9,6.92,0.005055
11,4,2017,1374.43,-1.47,-0.001068
12,4,2017,1378.28,3.85,0.002801
17,4,2017,1371.98,-6.3,-0.004571
18,4,2017,1371.75,-0.23,-0.000168
19,4,2017,1363.44,-8.31,-0.006058
20,4,2017,1363.34,-0.1,-0.000073
21,4,2017,1362.33,-1.01,-0.000741
24,4,2017,1366.49,4.16,0.003054
25,4,2017,1372.42,5.93,0.00434
26,4,2017,1374.66,2.24,0.001632
27,4,2017,1362.45,-12.21,-0.008882
28,4,2017,1371.54,9.09,0.006672
2,5,2017,1373.17,1.63,0.001188
3,5,2017,1370.13,-3.04,-0.002214
4,5,2017,1376.63,6.5,0.004744
5,5,2017,1384.92,8.29,0.006022
8,5,2017,1403.19,18.27,0.013192
9,5,2017,1407.13,3.94,0.002808
10,5,2017,1414.84,7.71,0.005479
11,5,2017,1421.84,7,0.004948
12,5,2017,1443.56,21.72,0.015276
15,5,2017,1458.09,14.53,0.010065
16,5,2017,1449.37,-8.72,-0.00598
17,5,2017,1437.84,-11.53,-0.007955
18,5,2017,1429.41,-8.43,-0.005863
19,5,2017,1436.19,6.78,0.004743
22,5,2017,1436.81,0.62,0.000432
23,5,2017,1444.14,7.33,0.005102
24,5,2017,1446.19,2.05,0.00142
25,5,2017,1444.39,-1.8,-0.001245
26,5,2017,1448.93,4.54,0.003143
30,5,2017,1444.09,-4.84,-0.00334
31,5,2017,1439.48,-4.61,-0.003192
1,6,2017,1442.83,3.35,0.002327
2,6,2017,1441.81,-1.02,-0.000707
5,6,2017,1445.06,3.25,0.002254
6,6,2017,1456.53,11.47,0.007937
7,6,2017,1451.37,-5.16,-0.003543
8,6,2017,1450.26,-1.11,-0.000765
9,6,2017,1450.45,0.19,0.000131
12,6,2017,1446.91,-3.54,-0.002441
13,6,2017,1450.43,3.52,0.002433
14,6,2017,1456.73,6.3,0.004344
15,6,2017,1456.39,-0.34,-0.000233
16,6,2017,1464.77,8.38,0.005754
20,6,2017,1450.82,-13.95,-0.009524
21,6,2017,1436.7,-14.12,-0.009732
22,6,2017,1435.57,-1.13,-0.000787
23,6,2017,1435.12,-0.45,-0.000313
27,6,2017,1437.72,2.6,0.001812
28,6,2017,1449.22,11.5,0.007999
29,6,2017,1458.71,9.49,0.006548
30,6,2017,1462.9,4.19,0.002872
4,7,2017,1475.15,12.25,0.008374
5,7,2017,1480.52,5.37,0.00364
6,7,2017,1481.32,0.8,0.00054
7,7,2017,1470.32,-11,-0.007426
10,7,2017,1467.37,-2.95,-0.002006
11,7,2017,1474.7,7.33,0.004995
12,7,2017,1490.01,15.31,0.010382
13,7,2017,1492.09,2.08,0.001396
14,7,2017,1487.8,-4.29,-0.002875
17,7,2017,1487.54,-0.26,-0.000175
18,7,2017,1479.95,-7.59,-0.005102
19,7,2017,1468.63,-11.32,-0.007649
21,7,2017,1471.34,2.71,0.001845
24,7,2017,1475.84,4.5,0.003058
25,7,2017,1476.1,0.26,0.000176
26,7,2017,1473.63,-2.47,-0.001673
27,7,2017,1479.75,6.12,0.004153
28,7,2017,1486.79,7.04,0.004758
31,7,2017,1481.37,-5.42,-0.003645
1,8,2017,1478.09,-3.28,-0.002214
2,8,2017,1481.05,2.96,0.002003
3,8,2017,1477.95,-3.1,-0.002093
4,8,2017,1476.47,-1.48,-0.001001
8,8,2017,1469.79,-6.68,-0.004524
9,8,2017,1470.32,0.53,0.000361
10,8,2017,1463.54,-6.78,-0.004611
11,8,2017,1463.07,-0.47,-0.000321
14,8,2017,1462.44,-0.63,-0.000431
15,8,2017,1452.91,-9.53,-0.006517
16,8,2017,1468.3,15.39,0.010593
17,8,2017,1470.69,2.39,0.001628
18,8,2017,1477.21,6.52,0.004433
22,8,2017,1482.77,5.56,0.003764
23,8,2017,1481.24,-1.53,-0.001032
24,8,2017,1477.41,-3.83,-0.002586
25,8,2017,1475.17,-2.24,-0.001516
28,8,2017,1475.67,0.5,0.000339
29,8,2017,1477.89,2.22,0.001504
30,8,2017,1471.16,-6.73,-0.004554
31,8,2017,1482.27,11.11,0.007552
1,9,2017,1494.17,11.9,0.008028
4,9,2017,1501.38,7.21,0.004825
5,9,2017,1505.23,3.85,0.002564
6,9,2017,1507.42,2.19,0.001455
7,9,2017,1503.45,-3.97,-0.002634
8,9,2017,1499.58,-3.87,-0.002574
11,9,2017,1505.09,5.51,0.003674
12,9,2017,1493.78,-11.31,-0.007515
13,9,2017,1491.96,-1.82,-0.001218
14,9,2017,1491.48,-0.48,-0.000322
15,9,2017,1492.96,1.48,0.000992
18,9,2017,1496.87,3.91,0.002619
19,9,2017,1495.48,-1.39,-0.000929
20,9,2017,1486.49,-8.99,-0.006011
21,9,2017,1483.9,-2.59,-0.001742
22,9,2017,1486.15,2.25,0.001516
25,9,2017,1482.8,-3.35,-0.002254
26,9,2017,1481.21,-1.59,-0.001072
27,9,2017,1487.26,6.05,0.004084
28,9,2017,1486.62,-0.64,-0.00043
29,9,2017,1487.52,0.9,0.000605
2,10,2017,1487.54,0.02,0.000013
3,10,2017,1487.92,0.38,0.000255
4,10,2017,1484.12,-3.8,-0.002554
5,10,2017,1486.71,2.59,0.001745
6,10,2017,1491.47,4.76,0.003202
9,10,2017,1484.05,-7.42,-0.004975
10,10,2017,1486.06,2.01,0.001354
11,10,2017,1483.7,-2.36,-0.001588
12,10,2017,1484.69,0.99,0.000667
13,10,2017,1486.35,1.66,0.001118
17,10,2017,1480.99,-5.36,-0.003606
18,10,2017,1478.76,-2.23,-0.001506
19,10,2017,1469.15,-9.61,-0.006499
20,10,2017,1464.99,-4.16,-0.002832
23,10,2017,1460.36,-4.63,-0.00316
24,10,2017,1460.35,-0.01,-0.000007
25,10,2017,1469.71,9.36,0.006409
26,10,2017,1471.17,1.46,0.000993
27,10,2017,1445.07,-26.1,-0.017741
30,10,2017,1437.16,-7.91,-0.005474
31,10,2017,1424.58,-12.58,-0.008753
1,11,2017,1439.81,15.23,0.010691
2,11,2017,1425.88,-13.93,-0.009675
3,11,2017,1418.58,-7.3,-0.00512
7,11,2017,1435.12,16.54,0.01166
8,11,2017,1434.78,-0.34,-0.000237
9,11,2017,1440.38,5.6,0.003903
10,11,2017,1434.36,-6.02,-0.004179
14,11,2017,1425.18,-9.18,-0.0064
15,11,2017,1430.64,5.46,0.003831
16,11,2017,1436.59,5.95,0.004159
17,11,2017,1443.55,6.96,0.004845
20,11,2017,1446.28,2.73,0.001891
21,11,2017,1448.48,2.2,0.001521
22,11,2017,1451.49,3.01,0.002078
23,11,2017,1450.92,-0.57,-0.000393
24,11,2017,1449.66,-1.26,-0.000868
27,11,2017,1446.35,-3.31,-0.002283
28,11,2017,1446.91,0.56,0.000387
29,11,2017,1449.52,2.61,0.001804
30,11,2017,1445.23,-4.29,-0.00296
1,12,2017,1449.85,4.62,0.003197
4,12,2017,1443.47,-6.38,-0.0044
5,12,2017,1447.47,4,0.002771
6,12,2017,1446.21,-1.26,-0.00087
7,12,2017,1449.35,3.14,0.002171
11,12,2017,1470.12,20.77,0.014331
12,12,2017,1470.1,-0.02,-0.000014
13,12,2017,1472.75,2.65,0.001803
14,12,2017,1475.39,2.64,0.001793
15,12,2017,1465.02,-10.37,-0.007029
18,12,2017,1474.59,9.57,0.006532
19,12,2017,1475.94,1.35,0.000916
20,12,2017,1481.49,5.55,0.00376
21,12,2017,1488.32,6.83,0.00461
22,12,2017,1493.93,5.61,0.003769
26,12,2017,1493.5,-0.43,-0.000288
27,12,2017,1505,11.5,0.0077
28,12,2017,1513.65,8.65,0.005748
2,1,2018,1516.68,0,0
3,1,2018,1515.84,-0.84,-0.000554
4,1,2018,1531.68,15.84,0.01045
5,1,2018,1545.57,13.89,0.009068
9,1,2018,1547.31,1.74,0.001126
10,1,2018,1537.7,-9.61,-0.006211
11,1,2018,1523.33,-14.37,-0.009345
12,1,2018,1521.41,-1.92,-0.00126
15,1,2018,1513.76,-7.65,-0.005028
16,1,2018,1539.1,25.34,0.01674
17,1,2018,1543.54,4.44,0.002885
18,1,2018,1548.07,4.53,0.002935
19,1,2018,1551.04,2.97,0.001919
22,1,2018,1557.86,6.82,0.004397
23,1,2018,1570.34,12.48,0.008011
24,1,2018,1589.6,19.26,0.012265
25,1,2018,1588.97,-0.63,-0.000396
26,1,2018,1592.82,3.85,0.002423
29,1,2018,1598.4,5.58,0.003503
30,1,2018,1582.98,-15.42,-0.009647
31,1,2018,1558.18,-24.8,-0.015667
1,2,2018,1580.97,22.79,0.014626
2,2,2018,1567.74,-13.23,-0.008368
5,2,2018,1523.07,-44.67,-0.028493
6,2,2018,1526.83,3.76,0.002469
7,2,2018,1526.87,0.04,0.000026
8,2,2018,1504.77,-22.1,-0.014474
9,2,2018,1500.99,-3.78,-0.002512
12,2,2018,1509.48,8.49,0.005656
13,2,2018,1504.98,-4.5,-0.002981
14,2,2018,1518.78,13.8,0.00917
15,2,2018,1514.36,-4.42,-0.00291
16,2,2018,1520.71,6.35,0.004193
19,2,2018,1515.7,-5.01,-0.003295
20,2,2018,1517.39,1.69,0.001115
21,2,2018,1525.24,7.85,0.005173
22,2,2018,1532.2,6.96,0.004563
23,2,2018,1532.6,0.4,0.000261
26,2,2018,1524.9,-7.7,-0.005024
27,2,2018,1516.53,-8.37,-0.005489
28,2,2018,1478.33,-38.2,-0.025189
1,3,2018,1466.28,-12.05,-0.008151
2,3,2018,1456.38,-9.9,-0.006752
5,3,2018,1469.83,13.45,0.009235
6,3,2018,1475.53,5.7,0.003878
7,3,2018,1473.76,-1.77,-0.0012
8,3,2018,1474.31,0.55,0.000373
9,3,2018,1482.1,7.79,0.005284
12,3,2018,1478.88,-3.22,-0.002173
13,3,2018,1467.6,-11.28,-0.007627
14,3,2018,1463.78,-3.82,-0.002603
15,3,2018,1467.22,3.44,0.00235
16,3,2018,1475.75,8.53,0.005814
20,3,2018,1476.89,1.14,0.000772
21,3,2018,1486.03,9.14,0.006189
22,3,2018,1468.44,-17.59,-0.011837
23,3,2018,1459.06,-9.38,-0.006388
26,3,2018,1469.04,9.98,0.00684
27,3,2018,1450,-19.04,-0.012961
28,3,2018,1455.52,5.52,0.003807
2,4,2018,1470.88,15.36,0.010553
3,4,2018,1492.84,21.96,0.01493
4,4,2018,1497.59,4.75,0.003182
5,4,2018,1514.84,17.25,0.011519
6,4,2018,1520.76,5.92,0.003908
9,4,2018,1531.72,10.96,0.007207
10,4,2018,1548.01,16.29,0.010635
11,4,2018,1560.08,12.07,0.007797
12,4,2018,1555.87,-4.21,-0.002699
13,4,2018,1538.44,-17.43,-0.011203
16,4,2018,1530,-8.44,-0.005486
17,4,2018,1552.16,22.16,0.014484
18,4,2018,1562.16,10,0.006443
19,4,2018,1572.45,10.29,0.006587
20,4,2018,1561.45,-11,-0.006995
23,4,2018,1576.65,15.2,0.009735
24,4,2018,1562.55,-14.1,-0.008943
25,4,2018,1558.05,-4.5,-0.00288
26,4,2018,1553.34,-4.71,-0.003023
27,4,2018,1566.45,13.11,0.00844
